,Index,ID,Age,Gender,Education,Salary,Experience,Department,Remote_Work,Joining_Year,Performance_Score,Certifications,Attrition,Age_Group
0,0,1,0.7450980392156864,0,1,0.639655897159005,5.0,2,0.0,2006.0,1.0,6.0,1,"(50, 60]"
1,2,3,0.5490196078431373,1,1,0.4164509168948878,38.0,5,0.0,1992.0,9.0,4.0,0,"(40, 50]"
2,3,4,0.27450980392156865,0,4,0.5520587990841942,11.0,3,1.0,2015.0,6.0,5.0,0,"(30, 40]"
3,6,7,0.3921568627450981,1,2,0.6057886285199374,21.0,1,1.0,2002.0,9.0,2.0,1,"(30, 40]"
4,7,8,0.7450980392156864,0,3,0.642157851356928,22.0,5,0.0,1992.0,6.0,0.0,0,"(50, 60]"
5,8,9,0.3529411764705882,2,4,0.31053257798063344,47.0,3,0.0,1990.0,5.0,10.0,0,"(30, 40]"
6,9,10,0.43137254901960786,0,4,0.7131690175554499,6.0,3,1.0,1998.0,5.0,9.0,1,"(30, 40]"
7,10,11,0.1960784313725491,1,3,0.4154517581972742,39.0,4,0.0,2020.0,3.0,5.0,1,"(20, 30]"
8,12,13,0.4509803921568628,1,1,0.48734890148493426,24.0,3,0.0,2006.0,4.0,9.0,1,"(40, 50]"
9,13,14,0.6862745098039217,1,1,0.48335423135636246,12.0,5,1.0,2023.0,10.0,9.0,1,"(50, 60]"
10,15,16,0.4509803921568628,1,2,0.34114986876485726,40.0,4,1.0,2002.0,3.0,7.0,0,"(40, 50]"
11,16,17,0.03921568627450983,1,4,0.3277740235651797,9.0,5,0.0,1994.0,9.0,9.0,1,
12,17,18,0.4117647058823529,2,1,0.3293999094034612,8.0,2,0.0,2002.0,9.0,0.0,1,"(30, 40]"
13,18,19,0.019607843137254943,1,3,0.42773841193304885,14.0,4,1.0,1990.0,6.0,10.0,0,
14,19,20,0.4509803921568628,2,4,0.2567467129711847,1.0,5,1.0,2014.0,10.0,1.0,1,"(40, 50]"
15,20,21,0.8431372549019608,2,3,0.37592660501557684,24.0,3,0.0,1993.0,10.0,2.0,1,"(60, 70]"
16,21,22,0.5686274509803921,1,4,0.672592086905708,12.0,2,0.0,2025.0,9.0,5.0,1,"(40, 50]"
17,22,23,0.7254901960784313,1,2,0.6346954675848302,33.0,4,0.0,1999.0,4.0,7.0,0,"(50, 60]"
18,23,24,0.019607843137254943,0,4,0.31467963753525824,33.0,3,0.0,2017.0,5.0,4.0,1,
19,24,25,0.3921568627450981,2,2,0.6577410368921647,34.0,2,1.0,1995.0,10.0,7.0,0,"(30, 40]"
20,25,26,0.6274509803921569,0,4,0.15809429164073102,37.0,1,0.0,2016.0,6.0,10.0,1,"(40, 50]"
21,26,27,0.21568627450980393,1,1,0.9090365819188411,2.0,3,0.0,2001.0,9.0,10.0,0,"(20, 30]"
22,27,28,0.4117647058823529,0,3,0.7161868236277755,41.0,5,1.0,1992.0,5.0,5.0,1,"(30, 40]"
23,28,29,0.8431372549019608,2,1,0.39841643127027615,5.0,4,1.0,2022.0,8.0,4.0,1,"(60, 70]"
24,29,30,0.47058823529411764,0,4,0.5593749436761336,47.0,2,0.0,1999.0,1.0,10.0,1,"(40, 50]"
25,30,31,0.9411764705882354,2,4,0.25470782103706985,48.0,3,1.0,2020.0,5.0,3.0,0,"(60, 70]"
26,31,32,0.5098039215686275,1,4,0.5043672298156404,18.0,1,0.0,2004.0,10.0,8.0,1,"(40, 50]"
27,34,35,0.5686274509803921,1,3,0.4139926977788815,38.0,3,1.0,2025.0,6.0,4.0,0,"(40, 50]"
28,35,36,0.5588235294117647,1,4,0.39717690046228493,8.0,1,,2003.0,7.0,9.0,0,"(40, 50]"
29,36,37,0.9019607843137255,1,4,0.30069508883218704,11.0,2,1.0,1992.0,5.0,5.0,1,"(60, 70]"
30,37,38,0.9803921568627451,1,2,0.34743516380880973,4.0,3,0.0,1992.0,1.0,5.0,0,"(60, 70]"
31,38,39,0.8431372549019608,2,1,0.2477161873361483,2.0,2,0.0,2011.0,6.0,9.0,1,"(60, 70]"
32,41,42,0.7058823529411765,1,2,0.28527087006930735,3.0,1,0.0,2001.0,6.0,4.0,1,"(50, 60]"
33,42,43,0.5588235294117647,0,4,0.6378039043640181,4.0,5,0.0,1994.0,10.0,5.0,1,"(40, 50]"
34,43,44,0.11764705882352944,0,3,0.5571871645393224,0.0,1,0.0,1999.0,7.0,2.0,1,"(20, 30]"
35,44,45,0.3921568627450981,1,2,0.6314822203651898,26.0,2,1.0,2022.0,7.0,6.0,1,"(30, 40]"
36,45,46,0.1568627450980392,1,1,0.6505449075152504,27.0,3,0.0,2002.0,2.0,9.0,0,"(20, 30]"
37,46,47,0.7450980392156864,0,2,0.8250362672312594,28.0,4,0.0,2024.0,3.0,4.0,0,"(50, 60]"
38,47,48,0.4901960784313726,2,1,0.46738323864944364,17.0,5,0.0,2021.0,6.0,6.0,0,"(40, 50]"
39,48,49,0.05882352941176472,1,2,0.24502323383516778,11.0,3,1.0,2000.0,3.0,1.0,1,"(20, 30]"
40,49,50,0.47058823529411764,2,3,0.540345314097756,12.0,3,0.0,2013.0,2.0,8.0,1,"(40, 50]"
41,50,51,0.2549019607843137,0,1,0.37974829947836525,40.0,1,0.0,2024.0,4.0,7.0,0,"(30, 40]"
42,51,52,0.9607843137254902,1,3,0.3304607414001838,1.0,2,1.0,2008.0,5.0,4.0,0,"(60, 70]"
43,52,53,0.1568627450980392,2,3,0.51111234116029,36.0,1,1.0,1995.0,10.0,5.0,1,"(20, 30]"
44,53,54,0.4901960784313726,1,1,0.641946436654304,44.0,2,0.0,2024.0,9.0,5.0,0,"(40, 50]"
45,54,55,0.019607843137254943,0,1,0.35121961511590355,15.0,1,0.0,1993.0,3.0,7.0,0,
46,55,56,0.37254901960784315,2,4,0.7117577923829034,47.0,3,0.0,2022.0,3.0,6.0,0,"(30, 40]"
47,56,57,0.5294117647058824,0,4,0.32497532000284624,23.0,4,1.0,2002.0,6.0,7.0,1,"(40, 50]"
48,57,58,0.9019607843137255,0,4,0.4523727093430522,34.0,2,1.0,2025.0,5.0,3.0,0,"(60, 70]"
49,58,59,0.11764705882352944,1,3,0.5600380597716773,21.0,5,0.0,2008.0,6.0,2.0,1,"(20, 30]"
50,59,60,0.8431372549019608,2,3,0.4277724091256324,35.0,5,1.0,2001.0,7.0,6.0,0,"(60, 70]"
51,60,61,0.13725490196078433,0,4,0.19062857990224352,10.0,3,0.0,2000.0,3.0,5.0,1,"(20, 30]"
52,61,62,0.9019607843137255,0,3,0.6524795869494857,45.0,1,0.0,1995.0,5.0,4.0,0,"(60, 70]"
53,62,63,0.6666666666666666,2,3,0.38752836053493134,28.0,1,1.0,2001.0,8.0,6.0,0,"(50, 60]"
54,63,64,0.2549019607843137,0,1,0.6212997195060772,34.0,3,0.0,2016.0,4.0,0.0,0,"(30, 40]"
55,64,65,0.3137254901960784,0,1,0.2780745698522293,47.0,5,1.0,2014.0,10.0,3.0,1,"(30, 40]"
56,65,66,0.6862745098039217,2,3,0.30723826710329993,14.0,5,1.0,1992.0,2.0,1.0,0,"(50, 60]"
57,66,67,0.9607843137254902,2,4,0.641379418150862,30.0,1,0.0,1992.0,4.0,5.0,0,"(60, 70]"
58,67,68,0.7647058823529412,2,2,0.5522135802725398,41.0,2,1.0,2009.0,2.0,0.0,1,"(50, 60]"
59,68,69,0.05882352941176472,2,4,0.4191131191663957,40.0,4,0.0,2017.0,3.0,5.0,1,"(20, 30]"
60,69,70,0.019607843137254943,1,2,0.5546947773905686,42.0,2,1.0,2012.0,4.0,2.0,0,
61,70,71,0.5588235294117647,2,4,0.33105295882777686,15.0,5,0.0,1992.0,4.0,0.0,0,"(40, 50]"
62,71,72,0.8039215686274509,1,1,0.5128778034123443,9.0,2,0.0,2013.0,10.0,7.0,0,"(50, 60]"
63,72,73,0.05882352941176472,1,3,0.5160033242079061,48.0,4,0.0,1995.0,9.0,6.0,0,"(20, 30]"
64,73,74,0.5490196078431373,1,3,0.43018424513718434,31.0,2,1.0,2009.0,10.0,5.0,0,"(40, 50]"
65,74,75,0.33333333333333337,0,1,0.3513408262120747,1.0,2,0.0,1992.0,6.0,6.0,1,"(30, 40]"
66,75,76,0.4901960784313726,1,2,0.50604240304116,23.0,2,1.0,2021.0,9.0,2.0,0,"(40, 50]"
67,76,77,0.8431372549019608,1,2,0.4846481747565038,22.0,2,1.0,2016.0,4.0,8.0,1,"(60, 70]"
68,77,78,0.6470588235294118,0,2,0.414460031046783,1.0,3,1.0,2010.0,9.0,7.0,1,"(50, 60]"
69,78,79,0.17647058823529416,0,1,0.31742409934560534,37.0,5,1.0,2002.0,9.0,4.0,0,"(20, 30]"
70,79,80,0.6862745098039217,0,2,0.4961727105218492,30.0,4,1.0,2011.0,6.0,6.0,1,"(50, 60]"
71,80,81,0.2549019607843137,2,1,0.41488704603604276,39.0,5,0.0,2024.0,5.0,2.0,0,"(30, 40]"
72,81,82,0.5882352941176471,0,4,0.3172800810875753,25.0,3,1.0,2011.0,3.0,0.0,1,"(40, 50]"
73,82,83,0.9215686274509803,0,4,0.5014778101263629,28.0,3,0.0,2017.0,5.0,0.0,1,"(60, 70]"
74,83,84,0.27450980392156865,1,1,0.7688043127574296,2.0,3,0.0,2010.0,3.0,10.0,0,"(30, 40]"
75,85,86,0.2549019607843137,2,4,0.7499215202997835,24.0,2,0.0,2020.0,5.0,7.0,1,"(30, 40]"
76,87,88,0.7647058823529412,2,1,0.3311588797292936,0.0,1,1.0,2003.0,9.0,10.0,0,"(50, 60]"
77,88,89,0.3921568627450981,0,2,0.4955862162397414,2.0,4,0.0,2014.0,7.0,4.0,1,"(30, 40]"
78,90,91,0.5686274509803921,0,3,0.47335581077367617,17.0,5,1.0,2012.0,5.0,8.0,1,"(40, 50]"
79,91,92,0.33333333333333337,0,2,0.5003301059063802,8.0,3,1.0,2020.0,4.0,1.0,0,"(30, 40]"
80,92,93,0.9019607843137255,2,3,0.20873712473783512,37.0,3,0.0,2018.0,8.0,6.0,0,"(60, 70]"
81,93,94,0.4509803921568628,2,4,0.4032119146663633,22.0,3,0.0,2019.0,2.0,5.0,0,"(40, 50]"
82,95,96,0.47058823529411764,2,2,0.9090601578614366,0.0,3,0.0,2009.0,1.0,2.0,0,"(40, 50]"
83,97,98,0.7843137254901961,1,2,0.20999775430604772,26.0,5,1.0,2016.0,1.0,8.0,1,"(50, 60]"
84,98,99,0.5490196078431373,1,1,0.2539681685481721,41.0,3,0.0,2014.0,3.0,9.0,1,"(40, 50]"
85,99,100,0.4509803921568628,1,2,0.48792685375885525,5.0,3,1.0,2012.0,5.0,1.0,1,"(40, 50]"
86,100,101,0.8627450980392156,0,2,0.6951553744308141,43.0,3,0.0,2018.0,6.0,4.0,1,"(60, 70]"
87,101,102,0.0,2,2,0.6029267140970215,35.0,3,1.0,2004.0,4.0,3.0,1,
88,102,103,0.47058823529411764,0,2,0.5726713481996736,27.0,2,1.0,1992.0,7.0,1.0,1,"(40, 50]"
89,103,104,0.11764705882352944,1,2,0.7176955985338156,44.0,2,1.0,1999.0,7.0,2.0,0,"(20, 30]"
90,104,105,0.1568627450980392,0,2,0.3709970975110382,16.0,1,1.0,2004.0,2.0,5.0,1,"(20, 30]"
91,105,106,0.4509803921568628,0,2,0.4973032453053764,39.0,3,1.0,2005.0,2.0,9.0,0,"(40, 50]"
92,106,107,0.0,2,2,0.40513899171331247,2.0,1,0.0,2006.0,2.0,8.0,0,
93,107,108,0.8431372549019608,2,2,0.4476656357316986,11.0,4,0.0,2008.0,2.0,7.0,0,"(60, 70]"
94,108,109,0.13725490196078433,1,1,0.3221298916557308,38.0,1,1.0,2000.0,9.0,9.0,0,"(20, 30]"
95,109,110,0.4509803921568628,0,3,0.4352762216374364,11.0,5,0.0,1994.0,5.0,10.0,0,"(40, 50]"
96,110,111,0.1960784313725491,0,2,0.48930621724086476,1.0,2,1.0,1994.0,8.0,8.0,1,"(20, 30]"
97,111,112,0.5686274509803921,2,3,0.43057888591541593,45.0,2,1.0,2003.0,5.0,3.0,0,"(40, 50]"
98,112,113,0.3137254901960784,0,2,0.46652536476724016,21.0,3,1.0,2015.0,5.0,3.0,0,"(30, 40]"
99,113,114,0.13725490196078433,0,2,0.5632383231388737,22.0,3,1.0,1997.0,1.0,8.0,0,"(20, 30]"
100,114,115,0.6666666666666666,0,1,0.7056601652588157,29.0,4,0.0,1994.0,6.0,7.0,1,"(50, 60]"
101,115,116,0.6666666666666666,2,4,0.7180392435231718,4.0,4,1.0,1996.0,4.0,5.0,0,"(50, 60]"
102,116,117,0.6274509803921569,1,4,0.6241225969515795,8.0,5,0.0,2005.0,3.0,7.0,0,"(40, 50]"
103,117,118,0.07843137254901966,1,1,0.278785692033783,20.0,3,1.0,2003.0,6.0,0.0,0,"(20, 30]"
104,118,119,0.8039215686274509,0,3,0.43246863438658867,10.0,3,1.0,1993.0,2.0,8.0,0,"(50, 60]"
105,121,122,0.5294117647058824,2,1,0.5525284386943063,26.0,4,,2025.0,9.0,10.0,1,"(40, 50]"
106,122,123,0.11764705882352944,1,4,0.22166579580893203,48.0,2,,1995.0,8.0,4.0,1,"(20, 30]"
107,123,124,0.1568627450980392,1,3,0.7833703159577783,1.0,1,0.0,2005.0,1.0,4.0,0,"(20, 30]"
108,124,125,0.13725490196078433,0,1,0.6982328037202838,23.0,1,0.0,2018.0,10.0,2.0,0,"(20, 30]"
109,125,126,0.21568627450980393,1,2,0.575737331198173,30.0,3,1.0,2025.0,9.0,4.0,1,"(20, 30]"
110,126,127,0.6470588235294118,0,3,0.4834303406493071,32.0,2,1.0,1999.0,2.0,5.0,0,"(50, 60]"
111,127,128,0.6274509803921569,0,3,0.7039762791849455,38.0,4,0.0,2025.0,3.0,0.0,0,"(40, 50]"
112,128,129,0.5588235294117647,2,4,0.6118192008797586,29.0,3,0.0,2018.0,2.0,8.0,0,"(40, 50]"
113,129,130,0.43137254901960786,2,4,0.6830993549160838,45.0,2,1.0,2003.0,8.0,9.0,1,"(30, 40]"
114,130,131,0.4509803921568628,2,2,0.4839526844499319,36.0,5,1.0,1993.0,2.0,3.0,1,"(40, 50]"
115,131,132,0.7058823529411765,2,1,0.7997276636949875,27.0,2,0.0,2025.0,10.0,2.0,0,"(50, 60]"
116,132,133,0.6666666666666666,1,4,0.6933924747812157,30.0,3,0.0,2002.0,2.0,5.0,0,"(50, 60]"
117,133,134,0.8431372549019608,2,4,0.5810904368886965,10.0,1,0.0,2007.0,1.0,0.0,1,"(60, 70]"
118,134,135,0.7647058823529412,1,3,0.7086117707676934,22.0,4,0.0,2022.0,7.0,4.0,1,"(50, 60]"
119,135,136,0.5588235294117647,2,4,0.42243143308673414,1.0,5,1.0,2010.0,2.0,6.0,1,"(40, 50]"
120,137,138,0.6666666666666666,0,4,0.5489748778685025,40.0,3,1.0,2004.0,5.0,9.0,1,"(50, 60]"
121,138,139,0.0,1,4,0.48428778743110135,26.0,3,1.0,1994.0,5.0,8.0,1,
122,139,140,0.6666666666666666,1,3,0.46026304772531024,34.0,4,0.0,1995.0,3.0,5.0,1,"(50, 60]"
123,140,141,0.7058823529411765,2,2,0.701836079033735,1.0,3,1.0,1992.0,3.0,1.0,0,"(50, 60]"
124,141,142,0.9019607843137255,1,2,0.5225951919256839,38.0,3,0.0,2001.0,3.0,7.0,1,"(60, 70]"
125,142,143,0.2549019607843137,0,1,0.5390693089148072,36.0,4,1.0,2025.0,6.0,7.0,1,"(30, 40]"
126,143,144,0.03921568627450983,0,4,0.43816743514843326,20.0,5,1.0,2022.0,4.0,0.0,0,
127,144,145,0.0,2,3,0.6445723353910178,4.0,1,1.0,2025.0,3.0,0.0,0,
128,145,146,0.07843137254901966,0,1,0.6139497485617181,44.0,1,0.0,2022.0,2.0,0.0,0,"(20, 30]"
129,146,147,0.4901960784313726,1,1,0.6432972698289694,20.0,2,1.0,2020.0,3.0,3.0,1,"(40, 50]"
130,147,148,0.2549019607843137,0,2,0.4090884746185759,28.0,5,0.0,2010.0,4.0,3.0,1,"(30, 40]"
131,148,149,0.7450980392156864,2,3,0.7168318306659632,19.0,2,0.0,2016.0,6.0,7.0,0,"(50, 60]"
132,149,150,0.5098039215686275,1,3,0.8081766494126644,37.0,1,1.0,2016.0,4.0,0.0,0,"(40, 50]"
133,150,151,0.1568627450980392,2,3,0.6378951330114535,19.0,4,0.0,1997.0,8.0,5.0,0,"(20, 30]"
134,151,152,0.27450980392156865,1,2,0.3557821579487359,49.0,3,1.0,2021.0,3.0,2.0,1,"(30, 40]"
135,153,154,0.4901960784313726,2,2,0.4299116696559425,1.0,5,1.0,1991.0,3.0,0.0,1,"(40, 50]"
136,154,155,0.8039215686274509,2,2,0.39762287870971946,31.0,1,0.0,2001.0,8.0,4.0,1,"(50, 60]"
137,155,156,0.23529411764705888,1,2,0.4818956834584609,25.0,5,0.0,2011.0,4.0,9.0,1,"(20, 30]"
138,156,157,0.9803921568627451,2,4,0.6020877180529108,5.0,5,1.0,2006.0,1.0,8.0,1,"(60, 70]"
139,157,158,0.607843137254902,1,4,0.5435766703747525,40.0,5,1.0,1996.0,2.0,6.0,0,"(40, 50]"
140,158,159,0.7450980392156864,1,3,0.5286002236810264,2.0,2,1.0,1993.0,10.0,7.0,0,"(50, 60]"
141,159,160,0.9411764705882354,1,1,0.4528340632052229,32.0,4,1.0,2021.0,2.0,0.0,0,"(60, 70]"
142,160,161,1.0,1,3,0.48142527506761223,0.0,1,0.0,2000.0,3.0,4.0,1,"(60, 70]"
143,161,162,0.607843137254902,0,1,0.630128226647495,4.0,4,0.0,1990.0,6.0,1.0,0,"(40, 50]"
144,162,163,0.05882352941176472,1,2,0.1503179036476852,12.0,3,0.0,2014.0,8.0,0.0,1,"(20, 30]"
145,163,164,0.5686274509803921,2,1,0.49209518291386534,18.0,1,0.0,2013.0,1.0,2.0,1,"(40, 50]"
146,164,165,0.7058823529411765,0,3,0.54324096945301,11.0,4,1.0,2006.0,9.0,6.0,1,"(50, 60]"
147,165,166,0.43137254901960786,2,3,0.627908585820147,47.0,4,0.0,1997.0,1.0,0.0,0,"(30, 40]"
148,166,167,0.7450980392156864,0,1,0.3214847137773794,24.0,3,1.0,2016.0,10.0,10.0,1,"(50, 60]"
149,167,168,0.8627450980392156,1,4,0.31245350478168804,34.0,5,0.0,2007.0,2.0,1.0,1,"(60, 70]"
150,168,169,0.27450980392156865,0,2,0.593804105613731,11.0,1,1.0,2016.0,3.0,1.0,0,"(30, 40]"
151,169,170,0.823529411764706,0,2,0.16868424629035533,29.0,1,1.0,2011.0,7.0,3.0,0,"(50, 60]"
152,171,172,0.6862745098039217,2,4,0.5327521521803177,33.0,5,1.0,1991.0,3.0,2.0,1,"(50, 60]"
153,172,173,0.23529411764705888,1,1,0.7603332886586306,21.0,1,1.0,1994.0,8.0,9.0,1,"(20, 30]"
154,174,175,0.11764705882352944,0,4,0.4194934093708734,12.0,1,1.0,1992.0,10.0,2.0,1,"(20, 30]"
155,175,176,0.9803921568627451,0,2,0.08268048900263429,46.0,5,0.0,2016.0,7.0,10.0,1,"(60, 70]"
156,176,177,0.4117647058823529,1,4,0.3581053279153084,2.0,3,0.0,2006.0,4.0,6.0,0,"(30, 40]"
157,177,178,0.5294117647058824,1,4,0.4626326862164192,19.0,1,1.0,2005.0,4.0,5.0,0,"(40, 50]"
158,178,179,0.019607843137254943,1,3,0.1587318671317961,30.0,4,0.0,1995.0,4.0,3.0,0,
159,180,181,0.8627450980392156,1,1,0.15452364679855357,23.0,2,0.0,2003.0,4.0,3.0,0,"(60, 70]"
160,181,182,0.09803921568627455,2,3,0.4500566292432747,39.0,3,1.0,2004.0,5.0,5.0,0,"(20, 30]"
161,182,183,0.5294117647058824,0,3,0.6900139397031603,32.0,4,1.0,2022.0,9.0,5.0,0,"(40, 50]"
162,183,184,0.5294117647058824,0,1,0.48806514887139996,7.0,1,1.0,2016.0,7.0,2.0,0,"(40, 50]"
163,184,185,0.8431372549019608,0,3,0.7773295786082148,23.0,2,1.0,2018.0,8.0,10.0,1,"(60, 70]"
164,185,186,0.8431372549019608,0,4,0.6283714772437914,49.0,3,0.0,1994.0,5.0,1.0,1,"(60, 70]"
165,186,187,0.37254901960784315,0,4,0.7243589628601174,19.0,5,0.0,2018.0,5.0,5.0,1,"(30, 40]"
166,187,188,0.5686274509803921,0,2,0.3633578087493911,15.0,2,0.0,2021.0,7.0,4.0,1,"(40, 50]"
167,188,189,0.1960784313725491,0,2,0.3592240747275377,49.0,2,0.0,1995.0,8.0,1.0,1,"(20, 30]"
168,189,190,0.5294117647058824,0,1,0.5530858047284971,11.0,4,0.0,1991.0,9.0,8.0,1,"(40, 50]"
169,190,191,0.47058823529411764,2,2,0.22450626979129912,12.0,3,0.0,1995.0,2.0,4.0,1,"(40, 50]"
170,191,192,0.7450980392156864,0,4,0.5745313704823561,44.0,4,1.0,1993.0,3.0,8.0,1,"(50, 60]"
171,192,193,0.6274509803921569,2,1,0.4387025919613382,41.0,4,0.0,2018.0,2.0,7.0,1,"(40, 50]"
172,194,195,0.5098039215686275,0,2,0.610129164559994,24.0,5,0.0,2002.0,7.0,5.0,1,"(40, 50]"
173,195,196,1.0,1,4,0.6814026558299335,45.0,2,1.0,1992.0,2.0,0.0,0,"(60, 70]"
174,197,198,0.7843137254901961,1,4,0.673117591249362,23.0,5,0.0,2016.0,2.0,4.0,0,"(50, 60]"
175,198,199,0.03921568627450983,2,4,0.7408560578512631,47.0,5,1.0,2025.0,4.0,0.0,1,
176,199,200,0.7450980392156864,1,4,0.48742723170000746,46.0,3,0.0,2021.0,1.0,6.0,0,"(50, 60]"
177,200,201,0.09803921568627455,1,2,0.36773037732014824,43.0,5,1.0,1990.0,2.0,9.0,1,"(20, 30]"
178,201,202,0.13725490196078433,1,3,0.3707309285359366,8.0,1,1.0,2005.0,3.0,10.0,0,"(20, 30]"
179,202,203,0.5098039215686275,0,3,0.7057143215907201,39.0,5,0.0,2000.0,7.0,7.0,1,"(40, 50]"
180,203,204,0.1568627450980392,0,1,0.9526351625445926,49.0,1,0.0,2015.0,10.0,7.0,0,"(20, 30]"
181,204,205,0.7058823529411765,2,4,0.32633674526766343,22.0,2,1.0,1990.0,1.0,6.0,1,"(50, 60]"
182,205,206,0.6274509803921569,2,2,0.31320340768041,49.0,2,0.0,2015.0,6.0,1.0,0,"(40, 50]"
183,206,207,0.5588235294117647,0,4,0.6514556564281303,12.0,4,0.0,2017.0,3.0,4.0,1,"(40, 50]"
184,207,208,0.8039215686274509,2,4,0.36524243201565176,31.0,1,1.0,1998.0,3.0,3.0,0,"(50, 60]"
185,208,209,0.8431372549019608,0,2,0.6680171581610048,49.0,2,1.0,2011.0,4.0,4.0,0,"(60, 70]"
186,209,210,0.4509803921568628,1,3,0.573540924633093,14.0,5,0.0,1997.0,4.0,9.0,0,"(40, 50]"
187,210,211,0.27450980392156865,1,4,0.4899448177729123,35.0,3,1.0,2015.0,7.0,5.0,0,"(30, 40]"
188,212,213,0.5686274509803921,0,3,0.5589943117913284,4.0,1,0.0,2014.0,8.0,7.0,0,"(40, 50]"
189,213,214,0.4509803921568628,0,2,0.4633571339307443,21.0,4,0.0,2010.0,8.0,7.0,0,"(40, 50]"
190,214,215,0.7843137254901961,2,1,0.19398413697827654,15.0,5,0.0,2013.0,7.0,1.0,0,"(50, 60]"
191,215,216,1.0,0,3,0.5245618184705381,40.0,1,1.0,2013.0,2.0,5.0,1,"(60, 70]"
192,217,218,0.9411764705882354,2,1,0.2191988638445751,23.0,1,1.0,1991.0,6.0,1.0,1,"(60, 70]"
193,218,219,1.0,2,3,0.32904627026452643,17.0,5,0.0,2003.0,10.0,9.0,0,"(60, 70]"
194,219,220,0.5588235294117647,0,4,0.5669603323661218,48.0,2,0.0,2021.0,4.0,3.0,0,"(40, 50]"
195,220,221,0.7450980392156864,2,1,0.5006342013978313,17.0,5,1.0,2021.0,10.0,6.0,1,"(50, 60]"
196,221,222,0.019607843137254943,0,1,0.5642875380044622,6.0,2,0.0,2017.0,5.0,0.0,1,
197,222,223,0.03921568627450983,0,2,0.3745695361749349,3.0,2,1.0,2002.0,9.0,8.0,0,
198,223,224,0.9411764705882354,0,4,0.6926357382759444,25.0,2,1.0,2001.0,7.0,9.0,0,"(60, 70]"
199,224,225,0.7058823529411765,0,1,0.5020536268982371,4.0,1,0.0,1997.0,2.0,0.0,1,"(50, 60]"
200,225,226,0.9411764705882354,0,2,0.6131142547409641,15.0,3,0.0,2004.0,1.0,4.0,0,"(60, 70]"
201,226,227,0.3137254901960784,2,4,0.5487573983400658,34.0,1,0.0,2015.0,2.0,6.0,1,"(30, 40]"
202,227,228,0.9411764705882354,1,3,0.5240227323338671,25.0,3,0.0,2001.0,3.0,7.0,0,"(60, 70]"
203,229,230,0.4509803921568628,2,2,0.5259007782538239,28.0,4,0.0,2007.0,3.0,3.0,1,"(40, 50]"
204,232,233,0.7058823529411765,1,4,0.633810173856347,14.0,1,0.0,1998.0,4.0,5.0,0,"(50, 60]"
205,233,234,0.607843137254902,1,1,0.13410645341030714,48.0,3,0.0,1990.0,9.0,5.0,0,"(40, 50]"
206,234,235,0.6274509803921569,1,1,0.3822774172623223,32.0,1,1.0,1992.0,3.0,1.0,0,"(40, 50]"
207,235,236,0.0,1,3,0.6721181762915026,24.0,2,0.0,2015.0,1.0,10.0,0,
208,237,238,0.019607843137254943,2,3,0.6552402785753878,16.0,3,0.0,1996.0,10.0,3.0,1,
209,238,239,0.8431372549019608,0,4,0.4699146627756112,22.0,3,0.0,1997.0,10.0,0.0,0,"(60, 70]"
210,239,240,0.4901960784313726,1,4,0.7230152195522468,42.0,2,0.0,2005.0,2.0,1.0,0,"(40, 50]"
211,240,241,0.607843137254902,1,1,0.49384518413110146,16.0,3,1.0,1992.0,4.0,2.0,1,"(40, 50]"
212,241,242,0.09803921568627455,1,2,0.37068292244992657,13.0,4,0.0,1999.0,2.0,10.0,0,"(20, 30]"
213,242,243,0.607843137254902,0,3,0.5466745150637888,28.0,5,1.0,1996.0,2.0,4.0,1,"(40, 50]"
214,243,244,0.05882352941176472,0,3,0.48885007400368796,19.0,1,1.0,2010.0,3.0,10.0,0,"(20, 30]"
215,244,245,0.1960784313725491,1,1,0.3555152201928974,29.0,4,0.0,2020.0,5.0,7.0,1,"(20, 30]"
216,245,246,0.3137254901960784,0,3,0.8730233045629956,18.0,1,1.0,2012.0,4.0,5.0,0,"(30, 40]"
217,246,247,0.7254901960784313,0,3,0.3281385964745937,38.0,4,0.0,2016.0,2.0,2.0,0,"(50, 60]"
218,248,249,0.07843137254901966,0,2,0.7642588539409708,17.0,2,1.0,2016.0,2.0,6.0,0,"(20, 30]"
219,249,250,1.0,2,1,0.39434505390818664,22.0,3,0.0,1993.0,6.0,5.0,0,"(60, 70]"
220,250,251,0.6470588235294118,2,2,0.44334030446621464,45.0,3,0.0,2013.0,7.0,9.0,1,"(50, 60]"
221,251,252,0.09803921568627455,2,1,0.4328964181565851,32.0,2,1.0,2012.0,10.0,4.0,1,"(20, 30]"
222,253,254,0.1960784313725491,1,1,0.3631446856451297,39.0,5,1.0,1992.0,7.0,2.0,1,"(20, 30]"
223,254,255,0.9215686274509803,1,4,0.32374467288336944,17.0,4,1.0,2016.0,1.0,6.0,0,"(60, 70]"
224,255,256,0.2941176470588236,1,1,0.5051047468024915,8.0,3,1.0,1992.0,6.0,3.0,0,"(30, 40]"
225,256,257,0.6274509803921569,2,3,0.42536552747882894,32.0,5,1.0,2025.0,3.0,3.0,0,"(40, 50]"
226,257,258,0.1568627450980392,2,2,0.6188163014659198,31.0,1,0.0,2006.0,1.0,6.0,1,"(20, 30]"
227,259,260,0.2941176470588236,0,1,0.33558483585121845,18.0,4,1.0,1999.0,4.0,10.0,1,"(30, 40]"
228,261,262,0.03921568627450983,2,1,0.4226575400434396,5.0,1,0.0,2019.0,8.0,8.0,0,
229,262,263,0.37254901960784315,2,2,0.3246256956077592,34.0,4,1.0,2010.0,10.0,2.0,1,"(30, 40]"
230,263,264,0.6862745098039217,2,2,0.6118237281440977,36.0,1,1.0,2025.0,4.0,5.0,0,"(50, 60]"
231,264,265,0.4901960784313726,0,1,0.47331386951347887,33.0,5,0.0,2012.0,4.0,3.0,1,"(40, 50]"
232,265,266,0.4901960784313726,2,4,0.42441522906804385,19.0,3,1.0,2001.0,10.0,0.0,0,"(40, 50]"
233,266,267,0.03921568627450983,0,4,0.3478759314312503,24.0,4,1.0,2014.0,4.0,5.0,0,
234,267,268,0.3529411764705882,2,3,0.31842821240796737,3.0,2,0.0,2009.0,6.0,10.0,0,"(30, 40]"
235,268,269,0.37254901960784315,2,2,0.833802588553077,9.0,5,1.0,1996.0,9.0,5.0,1,"(30, 40]"
236,269,270,0.607843137254902,2,3,0.5511219970463445,9.0,4,0.0,2018.0,5.0,7.0,0,"(40, 50]"
237,270,271,0.11764705882352944,0,3,0.30763248078112226,23.0,2,1.0,2018.0,10.0,1.0,1,"(20, 30]"
238,271,272,1.0,0,1,0.543220212373116,20.0,4,0.0,2002.0,8.0,4.0,0,"(60, 70]"
239,272,273,0.7843137254901961,1,1,0.675476125129828,10.0,5,0.0,1992.0,8.0,4.0,0,"(50, 60]"
240,273,274,0.6274509803921569,2,1,0.5226598549276583,26.0,4,0.0,1991.0,4.0,1.0,1,"(40, 50]"
241,275,276,0.4901960784313726,1,1,0.23046671226390636,25.0,5,0.0,2019.0,9.0,3.0,0,"(40, 50]"
242,276,277,0.33333333333333337,0,1,0.15384336126655435,29.0,4,1.0,1995.0,9.0,3.0,1,"(30, 40]"
243,278,279,0.0,1,2,0.5412777597114306,15.0,4,0.0,1994.0,6.0,7.0,1,
245,280,281,0.5294117647058824,0,1,0.38750931185667475,15.0,2,1.0,2023.0,3.0,4.0,1,"(40, 50]"
246,281,282,0.47058823529411764,2,1,0.321721071143909,34.0,2,1.0,2021.0,8.0,2.0,1,"(40, 50]"
247,282,283,0.9607843137254902,2,1,0.25624085524636053,15.0,2,0.0,2002.0,9.0,9.0,0,"(60, 70]"
248,284,285,0.5882352941176471,1,1,0.5958256572712265,11.0,1,1.0,2014.0,9.0,4.0,1,"(40, 50]"
249,285,286,0.5686274509803921,1,4,0.3202275010124416,34.0,5,1.0,2010.0,9.0,1.0,0,"(40, 50]"
250,286,287,0.8039215686274509,1,3,0.3260844143458244,48.0,2,0.0,2010.0,7.0,2.0,1,"(50, 60]"
251,288,289,0.11764705882352944,0,3,0.7108218445458724,49.0,4,0.0,2009.0,3.0,3.0,1,"(20, 30]"
252,289,290,0.2941176470588236,1,1,0.568293825264168,42.0,3,0.0,2023.0,5.0,1.0,1,"(30, 40]"
253,290,291,0.4901960784313726,0,3,0.06824663066893578,35.0,1,,1994.0,3.0,1.0,0,"(40, 50]"
254,291,292,0.9215686274509803,1,4,0.3262350953702401,47.0,1,1.0,2007.0,7.0,5.0,1,"(60, 70]"
255,292,293,1.0,2,2,0.5843332394566635,16.0,5,0.0,2000.0,6.0,7.0,0,"(60, 70]"
256,293,294,0.9411764705882354,2,3,0.7129544423097968,31.0,1,1.0,2006.0,3.0,6.0,1,"(60, 70]"
257,294,295,0.019607843137254943,2,3,0.6376902102350513,40.0,5,1.0,2011.0,9.0,3.0,1,
258,295,296,0.0,1,1,0.43327619584057164,5.0,3,0.0,2009.0,1.0,1.0,0,
259,296,297,0.9215686274509803,2,4,0.1640843748817466,23.0,3,0.0,1995.0,10.0,5.0,0,"(60, 70]"
260,297,298,0.21568627450980393,0,3,0.6427146194505456,26.0,4,0.0,2023.0,3.0,3.0,1,"(20, 30]"
261,299,300,0.7058823529411765,2,3,0.5058055331541392,24.0,5,1.0,2012.0,7.0,4.0,1,"(50, 60]"
262,300,301,0.607843137254902,2,3,0.4637305905286726,1.0,2,0.0,2009.0,3.0,10.0,0,"(40, 50]"
263,301,302,0.1568627450980392,0,2,0.26246225606907553,8.0,2,0.0,2002.0,3.0,10.0,0,"(20, 30]"
264,302,303,0.7843137254901961,1,4,0.5562696674399747,27.0,4,1.0,2021.0,2.0,6.0,1,"(50, 60]"
265,303,304,0.6666666666666666,0,1,0.5327294304385407,37.0,3,1.0,1992.0,9.0,4.0,1,"(50, 60]"
266,304,305,0.3529411764705882,1,1,0.42129927532165157,2.0,2,0.0,2003.0,4.0,1.0,1,"(30, 40]"
267,305,306,0.9215686274509803,1,2,0.574524963976216,19.0,1,1.0,2025.0,10.0,5.0,0,"(60, 70]"
268,307,308,0.03921568627450983,1,3,0.44808462123326276,38.0,1,1.0,2011.0,2.0,10.0,0,
269,308,309,0.37254901960784315,0,2,0.4985047641769361,32.0,5,1.0,2011.0,9.0,5.0,0,"(30, 40]"
270,309,310,0.4509803921568628,0,4,0.19764583962772558,0.0,3,1.0,2005.0,7.0,2.0,1,"(40, 50]"
271,310,311,0.6274509803921569,1,3,0.4842867623901189,36.0,4,1.0,2016.0,10.0,9.0,0,"(40, 50]"
272,311,312,0.4509803921568628,2,2,0.619377169723467,5.0,5,0.0,1999.0,5.0,7.0,0,"(40, 50]"
273,312,313,1.0,2,4,0.4422371041088854,44.0,5,1.0,2014.0,7.0,2.0,1,"(60, 70]"
274,313,314,0.1960784313725491,0,1,0.4882129256130322,33.0,1,0.0,2020.0,4.0,4.0,1,"(20, 30]"
275,314,315,0.9411764705882354,2,1,0.5901120788352187,46.0,5,0.0,2010.0,10.0,8.0,1,"(60, 70]"
276,316,317,0.6862745098039217,1,1,0.44316536413854835,44.0,3,0.0,2006.0,2.0,4.0,1,"(50, 60]"
277,317,318,0.7254901960784313,0,4,0.29301291918944206,25.0,2,0.0,2022.0,7.0,6.0,1,"(50, 60]"
278,319,320,0.37254901960784315,0,4,0.43683556523194245,6.0,1,1.0,2015.0,4.0,6.0,0,"(30, 40]"
279,320,321,0.6666666666666666,1,3,0.5793057551182219,45.0,3,0.0,2010.0,1.0,4.0,1,"(50, 60]"
280,322,323,0.47058823529411764,2,4,0.6292114129088023,23.0,4,0.0,1990.0,5.0,5.0,1,"(40, 50]"
281,323,324,0.6666666666666666,1,2,0.40720983075804607,30.0,1,0.0,1993.0,5.0,6.0,1,"(50, 60]"
282,324,325,0.4901960784313726,1,1,0.12219368337287005,28.0,3,0.0,1993.0,2.0,6.0,1,"(40, 50]"
283,325,326,0.5490196078431373,0,3,0.6207429514124595,41.0,4,0.0,2015.0,4.0,3.0,1,"(40, 50]"
284,326,327,0.33333333333333337,0,4,0.5676939200292069,31.0,5,1.0,1993.0,1.0,0.0,0,"(30, 40]"
285,327,328,0.8823529411764707,1,2,0.3855078339184182,16.0,1,0.0,1998.0,9.0,5.0,1,"(60, 70]"
286,328,329,0.33333333333333337,0,3,0.5888471782629127,13.0,3,0.0,2019.0,1.0,2.0,0,"(30, 40]"
287,329,330,0.019607843137254943,1,3,0.24656378501166282,39.0,3,1.0,1993.0,6.0,10.0,1,
288,330,331,0.6666666666666666,2,1,0.6700475080869328,35.0,3,1.0,1994.0,7.0,4.0,0,"(50, 60]"
289,331,332,0.2941176470588236,0,1,0.4370446735923561,47.0,1,1.0,2012.0,3.0,3.0,0,"(30, 40]"
290,332,333,0.7843137254901961,1,3,0.35242702797311215,23.0,4,0.0,2005.0,1.0,1.0,0,"(50, 60]"
291,333,334,0.6862745098039217,2,3,0.387829551743599,44.0,3,1.0,2011.0,7.0,6.0,1,"(50, 60]"
292,334,335,0.6274509803921569,2,4,0.45449420249633365,26.0,5,1.0,1997.0,3.0,4.0,1,"(40, 50]"
293,335,336,0.05882352941176472,1,3,0.4919890057521029,24.0,3,1.0,2022.0,10.0,6.0,1,"(20, 30]"
294,336,337,0.6274509803921569,0,4,0.5022893863241937,31.0,4,1.0,2005.0,6.0,8.0,1,"(40, 50]"
295,337,338,0.2549019607843137,1,3,0.4206469221564232,17.0,1,1.0,1994.0,6.0,3.0,1,"(30, 40]"
296,338,339,0.3921568627450981,2,1,0.5282500867654482,45.0,3,1.0,2005.0,4.0,4.0,1,"(30, 40]"
297,339,340,0.9215686274509803,1,4,0.49545560893456475,17.0,3,0.0,1996.0,6.0,8.0,0,"(60, 70]"
298,340,341,0.37254901960784315,0,2,0.3834096604474868,36.0,5,1.0,1990.0,10.0,9.0,0,"(30, 40]"
299,341,342,0.13725490196078433,2,1,0.357678142085885,25.0,5,0.0,1998.0,4.0,4.0,0,"(20, 30]"
300,342,343,0.11764705882352944,1,4,0.5979743994306239,8.0,3,1.0,2007.0,8.0,3.0,1,"(20, 30]"
301,343,344,0.03921568627450983,0,4,0.5836170774902795,34.0,3,1.0,1992.0,9.0,4.0,1,
302,344,345,0.3137254901960784,2,2,0.5038023468142453,7.0,5,1.0,2013.0,2.0,4.0,0,"(30, 40]"
303,345,346,0.6274509803921569,0,4,0.6519308483435637,19.0,4,0.0,2017.0,7.0,7.0,1,"(40, 50]"
304,346,347,0.9215686274509803,2,3,0.15896762655775265,41.0,2,1.0,1999.0,9.0,3.0,1,"(60, 70]"
305,347,348,0.21568627450980393,1,2,0.3976198890068541,21.0,2,1.0,1998.0,9.0,3.0,1,"(20, 30]"
306,348,349,0.9803921568627451,0,1,0.2964957521874589,18.0,3,1.0,2002.0,5.0,6.0,0,"(60, 70]"
307,349,350,0.4117647058823529,2,1,0.8795031011333623,29.0,5,1.0,2024.0,1.0,10.0,0,"(30, 40]"
308,350,351,0.4117647058823529,0,3,0.6158877593791464,27.0,1,0.0,2012.0,6.0,4.0,1,"(30, 40]"
309,352,353,0.5686274509803921,1,4,0.6281490433506062,42.0,2,0.0,1996.0,1.0,5.0,0,"(40, 50]"
310,353,354,0.7254901960784313,0,4,0.6847458269940956,10.0,4,0.0,2005.0,2.0,5.0,1,"(50, 60]"
311,354,355,0.7254901960784313,2,3,0.682927404291283,30.0,2,0.0,2025.0,1.0,9.0,1,"(50, 60]"
312,355,356,0.8627450980392156,2,1,0.6515051146555322,48.0,3,1.0,2009.0,5.0,4.0,0,"(60, 70]"
313,356,357,0.4901960784313726,2,1,0.44918867579141075,47.0,4,1.0,2013.0,2.0,4.0,0,"(40, 50]"
314,357,358,0.13725490196078433,2,3,0.40838777368701007,38.0,1,1.0,1994.0,10.0,8.0,1,"(20, 30]"
315,358,359,0.5098039215686275,1,2,0.3296606114933233,35.0,5,0.0,1995.0,10.0,4.0,1,"(40, 50]"
316,359,360,0.5098039215686275,0,1,0.5798793509679676,29.0,5,1.0,2017.0,4.0,3.0,1,"(40, 50]"
317,361,362,0.3921568627450981,0,1,0.4225494836398762,18.0,2,1.0,1991.0,7.0,7.0,0,"(30, 40]"
318,362,363,0.5686274509803921,0,1,0.41363325007437957,11.0,3,0.0,2010.0,8.0,8.0,1,"(40, 50]"
319,363,364,0.6274509803921569,0,1,0.7417922619485399,14.0,5,1.0,2007.0,5.0,4.0,1,"(40, 50]"
320,364,365,0.5294117647058824,1,1,0.6567972304076016,30.0,1,1.0,2001.0,2.0,2.0,1,"(40, 50]"
321,365,366,0.9019607843137255,0,4,0.8067459484614521,42.0,5,1.0,2006.0,8.0,3.0,1,"(60, 70]"
322,366,367,0.4509803921568628,1,2,0.5844184032782862,36.0,4,1.0,2004.0,1.0,9.0,0,"(40, 50]"
323,367,368,0.4509803921568628,2,2,0.5037712539044452,36.0,5,0.0,1996.0,7.0,5.0,1,"(40, 50]"
324,368,369,0.9215686274509803,2,1,0.4897013705395876,14.0,5,1.0,2003.0,1.0,9.0,1,"(60, 70]"
325,369,370,0.3529411764705882,0,1,0.31973266247817844,28.0,4,1.0,1990.0,6.0,10.0,0,"(30, 40]"
326,370,371,0.05882352941176472,1,2,0.2785401092984116,49.0,2,1.0,1992.0,6.0,4.0,1,"(20, 30]"
327,372,373,0.9411764705882354,1,3,0.33436050981779986,25.0,3,1.0,2002.0,2.0,10.0,0,"(60, 70]"
328,373,374,0.3137254901960784,1,3,0.5301666571423276,43.0,5,1.0,2007.0,2.0,10.0,0,"(30, 40]"
329,374,375,0.4509803921568628,0,2,0.6846076173016327,1.0,3,1.0,2006.0,9.0,2.0,1,"(40, 50]"
330,375,376,0.5294117647058824,2,1,0.38035486747971214,19.0,4,1.0,2006.0,5.0,1.0,0,"(40, 50]"
331,376,377,0.5686274509803921,0,1,0.8375121264483724,14.0,5,,2000.0,5.0,4.0,1,"(40, 50]"
332,377,378,0.5490196078431373,0,4,0.32479064178584693,3.0,4,0.0,2009.0,7.0,6.0,0,"(40, 50]"
333,379,380,0.09803921568627455,2,4,0.5666065223870232,49.0,2,0.0,2018.0,2.0,0.0,0,"(20, 30]"
334,380,381,0.6666666666666666,1,3,0.6980405231159982,37.0,5,1.0,2023.0,1.0,2.0,1,"(50, 60]"
335,381,382,0.7843137254901961,2,2,0.30334977413649056,22.0,3,0.0,2006.0,5.0,2.0,1,"(50, 60]"
336,382,383,0.7058823529411765,1,3,0.8881729831827506,25.0,3,1.0,2002.0,4.0,3.0,0,"(50, 60]"
337,383,384,0.4509803921568628,1,4,0.46349918752689134,10.0,5,1.0,2015.0,3.0,9.0,1,"(40, 50]"
338,384,385,0.5490196078431373,1,4,0.6096397929109705,27.0,2,1.0,2015.0,2.0,5.0,0,"(40, 50]"
339,385,386,0.9411764705882354,2,4,0.7408176188144223,1.0,2,1.0,2017.0,10.0,4.0,0,"(60, 70]"
340,386,387,0.4509803921568628,0,2,0.39074058271358936,7.0,2,0.0,2002.0,2.0,0.0,0,"(40, 50]"
341,387,388,0.5882352941176471,1,3,0.6351083882605816,28.0,3,0.0,2001.0,4.0,5.0,0,"(40, 50]"
342,389,390,0.6274509803921569,0,4,0.7326982691926752,36.0,2,1.0,1991.0,4.0,10.0,0,"(40, 50]"
343,391,392,0.3921568627450981,0,1,0.5006196799839138,49.0,3,0.0,2012.0,9.0,7.0,0,"(30, 40]"
344,392,393,0.607843137254902,0,1,0.5463388141420463,13.0,4,1.0,2018.0,7.0,7.0,0,"(40, 50]"
345,393,394,0.43137254901960786,2,1,0.6280310782175461,9.0,5,0.0,2024.0,3.0,2.0,0,"(30, 40]"
346,394,395,0.6274509803921569,1,3,0.8303359853706151,34.0,5,1.0,2000.0,8.0,5.0,0,"(40, 50]"
347,395,396,0.03921568627450983,0,2,0.4168266798350265,8.0,2,0.0,2022.0,9.0,10.0,0,
348,396,397,0.33333333333333337,2,2,0.6885828116515385,34.0,2,0.0,2000.0,7.0,10.0,1,"(30, 40]"
349,397,398,0.47058823529411764,0,2,0.8306404225423939,10.0,4,0.0,1998.0,6.0,7.0,1,"(40, 50]"
350,398,399,0.8039215686274509,0,2,0.5223550760755521,43.0,2,1.0,2003.0,4.0,2.0,0,"(50, 60]"
351,399,400,0.5882352941176471,1,1,0.40005632600198393,11.0,4,0.0,1998.0,5.0,9.0,1,"(40, 50]"
352,400,401,0.03921568627450983,0,1,0.19848193138905273,2.0,3,0.0,1992.0,8.0,4.0,1,
353,401,402,0.7647058823529412,2,4,0.8157803180001725,38.0,2,0.0,2018.0,3.0,2.0,0,"(50, 60]"
354,402,403,0.8823529411764707,0,3,0.4522801993943888,13.0,3,0.0,2008.0,2.0,5.0,0,"(60, 70]"
355,403,404,0.4509803921568628,1,3,0.3229688876998414,27.0,1,1.0,2025.0,3.0,8.0,0,"(40, 50]"
356,404,405,0.9607843137254902,1,2,0.26198381819053107,10.0,4,1.0,2021.0,7.0,3.0,0,"(60, 70]"
357,405,406,0.607843137254902,2,1,0.3226518937760281,38.0,1,0.0,1996.0,8.0,5.0,1,"(40, 50]"
358,406,407,0.9019607843137255,1,2,0.6511637760083863,24.0,2,0.0,2017.0,1.0,2.0,1,"(60, 70]"
359,407,408,0.4117647058823529,0,4,0.6747675655507303,20.0,3,0.0,2007.0,7.0,2.0,1,"(30, 40]"
360,408,409,0.43137254901960786,1,3,0.6054497670551658,9.0,2,1.0,1994.0,9.0,4.0,1,"(30, 40]"
361,409,410,0.019607843137254943,2,3,0.5166497833874855,42.0,1,0.0,2025.0,3.0,7.0,0,
362,410,411,0.5098039215686275,1,2,0.2812562116415784,14.0,2,0.0,2011.0,3.0,7.0,0,"(40, 50]"
363,411,412,0.8039215686274509,1,4,0.3693378978408281,18.0,5,1.0,2015.0,8.0,5.0,0,"(50, 60]"
364,412,413,0.019607843137254943,1,3,0.30498608122476,47.0,1,1.0,2001.0,4.0,7.0,0,
365,413,414,0.4901960784313726,2,4,0.5919019712306873,21.0,2,1.0,2008.0,8.0,5.0,1,"(40, 50]"
366,414,415,0.5588235294117647,1,4,0.3123846561957022,20.0,3,0.0,1990.0,5.0,7.0,1,"(40, 50]"
367,415,416,0.4509803921568628,1,2,0.3720192342106745,43.0,2,1.0,1992.0,3.0,2.0,0,"(40, 50]"
368,416,417,0.6274509803921569,0,1,0.46269418867536427,31.0,3,1.0,2016.0,4.0,9.0,1,"(40, 50]"
369,418,419,0.823529411764706,1,1,0.502031588517115,22.0,2,1.0,2019.0,8.0,1.0,0,"(50, 60]"
370,419,420,0.9215686274509803,2,4,0.4757351017340363,12.0,5,0.0,1991.0,6.0,9.0,1,"(60, 70]"
371,420,421,0.7450980392156864,1,1,0.6963515972572979,4.0,1,0.0,1994.0,7.0,1.0,0,"(50, 60]"
372,421,422,0.5490196078431373,1,4,0.35397518153689356,3.0,3,1.0,2018.0,9.0,8.0,1,"(40, 50]"
373,422,423,0.8039215686274509,1,3,0.27208636585301477,27.0,1,0.0,2022.0,6.0,6.0,1,"(50, 60]"
374,423,424,0.4901960784313726,0,3,0.4301367515716654,13.0,3,1.0,2009.0,3.0,5.0,0,"(40, 50]"
375,424,425,0.6666666666666666,0,3,0.306443006141106,7.0,5,1.0,2019.0,3.0,6.0,0,"(50, 60]"
376,425,426,0.9607843137254902,0,2,0.5007302989899332,8.0,4,1.0,1994.0,3.0,7.0,0,"(60, 70]"
377,428,429,0.23529411764705888,0,3,0.3354379987304868,20.0,3,0.0,2009.0,1.0,2.0,1,"(20, 30]"
378,429,430,0.11764705882352944,2,2,0.5910368366415251,17.0,3,0.0,1997.0,10.0,2.0,0,"(20, 30]"
379,430,431,0.6862745098039217,1,3,0.35556416589980794,32.0,3,0.0,2020.0,1.0,5.0,1,"(50, 60]"
380,432,433,0.37254901960784315,1,1,0.45956217595358073,48.0,2,0.0,2010.0,3.0,3.0,0,"(30, 40]"
381,433,434,0.0,0,1,0.548690514415963,16.0,1,0.0,2019.0,5.0,3.0,1,
382,434,435,0.13725490196078433,2,3,0.44770843119271464,42.0,4,1.0,2016.0,9.0,9.0,1,"(20, 30]"
383,435,436,0.8823529411764707,0,4,0.38960261638293964,30.0,2,1.0,2015.0,8.0,8.0,0,"(60, 70]"
384,436,437,0.2941176470588236,2,2,0.3793113757596088,33.0,3,0.0,2022.0,9.0,7.0,1,"(30, 40]"
385,437,438,0.2549019607843137,1,2,0.5133371926126322,5.0,2,0.0,2015.0,5.0,2.0,0,"(30, 40]"
386,438,439,0.21568627450980393,0,1,0.34208761042360764,21.0,5,1.0,2015.0,8.0,0.0,1,"(20, 30]"
387,440,441,0.43137254901960786,2,4,0.622247540734488,2.0,4,0.0,1990.0,5.0,0.0,0,"(30, 40]"
388,441,442,0.27450980392156865,1,4,0.2717229034046651,11.0,3,0.0,2004.0,3.0,3.0,0,"(30, 40]"
389,443,444,0.6470588235294118,0,3,0.18840987869579595,11.0,4,1.0,2000.0,3.0,3.0,1,"(50, 60]"
390,444,445,0.019607843137254943,0,1,0.5329806508993155,44.0,1,0.0,1991.0,5.0,4.0,1,
391,445,446,0.607843137254902,1,3,0.3268212479720205,1.0,1,1.0,1990.0,5.0,5.0,1,"(40, 50]"
392,446,447,0.4901960784313726,0,1,0.6682284020234651,1.0,2,0.0,2020.0,6.0,2.0,0,"(40, 50]"
393,447,448,0.4117647058823529,1,1,0.24171918506850137,14.0,2,1.0,2005.0,9.0,7.0,0,"(30, 40]"
394,448,449,0.4509803921568628,1,2,0.5695659865434329,22.0,4,0.0,2011.0,1.0,7.0,1,"(40, 50]"
395,449,450,0.47058823529411764,1,1,0.7026593577827818,28.0,3,1.0,2007.0,10.0,5.0,0,"(40, 50]"
396,450,451,0.4117647058823529,2,1,0.3179579748572823,16.0,5,0.0,2006.0,6.0,4.0,1,"(30, 40]"
397,452,453,0.9411764705882354,0,1,0.3327346239795183,6.0,3,0.0,1999.0,6.0,0.0,1,"(60, 70]"
398,453,454,1.0,1,3,0.4110363087454191,29.0,3,0.0,2024.0,2.0,7.0,0,"(60, 70]"
399,454,455,0.8039215686274509,1,4,0.5824375969998418,27.0,1,1.0,2015.0,8.0,5.0,1,"(50, 60]"
400,455,456,0.4901960784313726,0,1,0.39708849067755125,13.0,5,1.0,2005.0,3.0,0.0,0,"(40, 50]"
401,456,457,0.27450980392156865,1,1,0.3025364895370223,43.0,4,1.0,1995.0,10.0,3.0,0,"(30, 40]"
402,457,458,0.823529411764706,0,3,0.14915695931501294,29.0,2,1.0,1992.0,6.0,4.0,1,"(50, 60]"
403,458,459,0.7058823529411765,2,4,0.767718110996392,16.0,1,1.0,2010.0,6.0,6.0,0,"(50, 60]"
405,460,461,0.13725490196078433,0,4,0.5897521186102256,45.0,3,1.0,2007.0,5.0,8.0,1,"(20, 30]"
406,461,462,0.8431372549019608,1,3,0.3555950879694443,5.0,5,1.0,2013.0,2.0,5.0,0,"(60, 70]"
407,462,463,0.8431372549019608,0,4,0.6217786699051129,23.0,4,0.0,2016.0,10.0,9.0,1,"(60, 70]"
408,463,464,0.07843137254901966,0,3,0.6561183970169941,5.0,1,1.0,1993.0,10.0,8.0,0,"(20, 30]"
409,464,465,0.7450980392156864,1,3,0.4506053678491967,26.0,3,1.0,2011.0,8.0,3.0,0,"(50, 60]"
410,465,466,0.05882352941176472,2,2,0.5011085391124461,17.0,4,1.0,2013.0,10.0,7.0,0,"(20, 30]"
411,466,467,0.09803921568627455,0,1,0.7044765846044483,23.0,2,0.0,1999.0,7.0,2.0,1,"(20, 30]"
412,467,468,0.8627450980392156,0,3,0.21378442653527008,36.0,1,1.0,1991.0,10.0,3.0,0,"(60, 70]"
413,469,470,1.0,2,2,0.4412252178190733,37.0,4,0.0,2007.0,7.0,3.0,1,"(60, 70]"
414,470,471,0.5686274509803921,2,3,0.3039680446890534,33.0,3,1.0,2006.0,1.0,5.0,0,"(40, 50]"
415,471,472,0.9019607843137255,1,1,0.31802340663999346,39.0,2,0.0,2012.0,5.0,8.0,0,"(60, 70]"
416,472,473,0.6666666666666666,2,2,0.34631188973224136,46.0,4,1.0,2019.0,7.0,5.0,1,"(50, 60]"
417,474,475,1.0,1,1,0.7966655246001721,10.0,4,1.0,1999.0,2.0,4.0,0,"(60, 70]"
418,475,476,0.2941176470588236,2,2,0.5779583387468311,21.0,5,1.0,2002.0,9.0,8.0,0,"(30, 40]"
419,476,477,0.23529411764705888,1,3,0.6758975878137662,23.0,1,1.0,2001.0,3.0,4.0,1,"(20, 30]"
420,477,478,0.9607843137254902,2,1,0.5901162644192302,0.0,1,0.0,1998.0,6.0,5.0,0,"(60, 70]"
421,478,479,0.8039215686274509,1,1,0.5045012539240918,17.0,4,0.0,1993.0,7.0,2.0,1,"(50, 60]"
422,480,481,0.3529411764705882,2,1,0.4261300372115503,11.0,1,0.0,2023.0,5.0,9.0,0,"(30, 40]"
423,481,482,0.3137254901960784,1,2,0.44009280379374505,42.0,5,1.0,1994.0,4.0,10.0,0,"(30, 40]"
424,482,483,0.3529411764705882,0,2,0.2534805053007859,27.0,3,1.0,2002.0,2.0,3.0,1,"(30, 40]"
425,483,484,0.5294117647058824,1,4,0.6788604687734506,39.0,3,0.0,1993.0,3.0,3.0,1,"(40, 50]"
426,484,485,0.4901960784313726,2,4,0.18426802976616513,6.0,3,1.0,1997.0,5.0,10.0,0,"(40, 50]"
427,485,486,0.7058823529411765,0,1,0.31318794664559185,22.0,1,0.0,2013.0,2.0,4.0,1,"(50, 60]"
428,487,488,0.43137254901960786,1,1,0.5173049554154154,33.0,4,0.0,2016.0,1.0,8.0,1,"(30, 40]"
429,488,489,0.1568627450980392,1,3,0.5244012287166258,10.0,3,0.0,1990.0,4.0,7.0,0,"(20, 30]"
430,489,490,0.21568627450980393,0,1,0.6029241514945654,21.0,5,1.0,2023.0,7.0,6.0,1,"(20, 30]"
431,490,491,0.0,2,4,0.9004677518263029,41.0,2,1.0,2006.0,3.0,4.0,0,
432,491,492,0.0,1,4,0.2559252280438571,34.0,5,0.0,2015.0,10.0,5.0,0,
433,492,493,0.9019607843137255,1,3,0.41803528857338135,28.0,1,0.0,2013.0,8.0,8.0,1,"(60, 70]"
434,494,495,0.607843137254902,1,3,0.4812356424858646,27.0,3,0.0,2019.0,6.0,9.0,1,"(40, 50]"
435,495,496,0.9215686274509803,1,4,0.5769924938811462,17.0,4,0.0,2002.0,1.0,1.0,1,"(60, 70]"
436,496,497,0.47058823529411764,2,1,0.7313659721757751,13.0,3,1.0,1992.0,5.0,3.0,1,"(40, 50]"
437,497,498,0.7647058823529412,2,1,0.6326076299438048,17.0,5,0.0,2021.0,3.0,7.0,1,"(50, 60]"
438,498,499,0.8627450980392156,1,3,0.3241787777394242,27.0,1,,2024.0,10.0,5.0,0,"(60, 70]"
439,499,500,0.0,0,2,0.42998222664356567,23.0,2,1.0,2008.0,1.0,4.0,1,
440,500,501,0.2941176470588236,2,3,0.3835169480703134,7.0,3,1.0,2003.0,8.0,5.0,1,"(30, 40]"
441,501,502,0.7450980392156864,0,4,0.32037169011063527,41.0,2,1.0,2011.0,7.0,5.0,1,"(50, 60]"
442,503,504,0.4117647058823529,1,4,0.778372557807827,7.0,1,1.0,1993.0,10.0,7.0,1,"(30, 40]"
443,504,505,0.5490196078431373,2,4,0.4958592188213925,3.0,5,1.0,2008.0,10.0,9.0,0,"(40, 50]"
444,506,507,0.21568627450980393,2,2,0.5767717683895983,35.0,2,1.0,2004.0,4.0,4.0,1,"(20, 30]"
445,507,508,0.4901960784313726,1,1,0.5852263918326785,4.0,3,1.0,1991.0,6.0,7.0,0,"(40, 50]"
446,508,509,0.2941176470588236,1,3,0.685181469411624,32.0,2,0.0,2000.0,9.0,4.0,1,"(30, 40]"
447,509,510,0.9803921568627451,1,3,0.3669938853742796,48.0,5,1.0,2012.0,3.0,0.0,0,"(60, 70]"
448,510,511,0.7058823529411765,1,4,0.5628422302192504,33.0,1,,1999.0,9.0,3.0,0,"(50, 60]"
449,511,512,0.4117647058823529,0,3,0.33837602244634746,29.0,2,0.0,1992.0,4.0,1.0,1,"(30, 40]"
450,512,513,0.5490196078431373,1,4,0.4615545139430772,7.0,2,0.0,1994.0,5.0,2.0,0,"(40, 50]"
451,513,514,0.2549019607843137,0,2,0.5037350357897331,38.0,5,0.0,1992.0,7.0,2.0,1,"(30, 40]"
452,515,516,0.07843137254901966,1,1,0.5128883955024961,25.0,2,0.0,2008.0,10.0,9.0,1,"(20, 30]"
453,516,517,0.9019607843137255,0,2,0.6310260771280128,36.0,5,0.0,2024.0,8.0,3.0,1,"(60, 70]"
454,517,518,0.9411764705882354,2,2,0.39205152471002236,33.0,3,0.0,2013.0,8.0,1.0,1,"(60, 70]"
455,518,519,0.5686274509803921,1,1,0.5250784391256778,6.0,3,1.0,2013.0,8.0,2.0,1,"(40, 50]"
456,519,520,0.8823529411764707,0,3,0.36438968333836036,39.0,1,0.0,2006.0,3.0,5.0,0,"(60, 70]"
457,520,521,1.0,1,4,0.993022973133078,27.0,5,0.0,1999.0,10.0,6.0,1,"(60, 70]"
458,521,522,0.07843137254901966,1,4,0.3380872171495507,38.0,3,0.0,1991.0,6.0,7.0,1,"(20, 30]"
459,522,523,0.21568627450980393,1,3,0.3743415499764283,38.0,1,0.0,2012.0,7.0,10.0,1,"(20, 30]"
460,523,524,0.2941176470588236,0,1,0.6448328666407162,27.0,4,1.0,1992.0,9.0,4.0,1,"(30, 40]"
461,525,526,0.4901960784313726,2,2,0.6449008610258833,49.0,4,1.0,2010.0,10.0,5.0,1,"(40, 50]"
462,526,527,0.9215686274509803,0,1,0.5201835267542958,37.0,3,1.0,2024.0,4.0,10.0,0,"(60, 70]"
463,527,528,0.3921568627450981,1,1,0.4251601776020174,3.0,5,0.0,2018.0,5.0,0.0,1,"(30, 40]"
464,528,529,0.7450980392156864,0,1,0.3654402649252587,41.0,1,0.0,1996.0,8.0,4.0,1,"(50, 60]"
465,529,530,0.6862745098039217,0,4,0.3592761809774774,17.0,3,1.0,2018.0,1.0,7.0,1,"(50, 60]"
466,531,532,0.5686274509803921,1,1,0.4642472111838123,47.0,5,0.0,2022.0,4.0,4.0,1,"(40, 50]"
467,532,533,0.7058823529411765,0,1,0.351922451549516,24.0,4,1.0,1997.0,5.0,1.0,1,"(50, 60]"
468,534,535,0.17647058823529416,0,3,0.30712226663212283,37.0,1,0.0,1999.0,4.0,8.0,0,"(20, 30]"
469,535,536,0.07843137254901966,2,4,0.6231793884075896,27.0,1,0.0,2004.0,8.0,4.0,1,"(20, 30]"
470,537,538,0.6470588235294118,0,4,0.3737141394751056,2.0,3,1.0,2015.0,4.0,1.0,1,"(50, 60]"
471,539,540,0.5882352941176471,1,4,0.5244365072104373,30.0,4,1.0,1991.0,1.0,5.0,1,"(40, 50]"
472,541,542,0.3529411764705882,0,2,0.7480229735601784,41.0,3,0.0,2010.0,2.0,7.0,0,"(30, 40]"
473,542,543,0.607843137254902,2,3,0.254396379418578,19.0,2,1.0,1998.0,5.0,4.0,0,"(40, 50]"
474,543,544,0.0,1,3,0.6659584487678966,18.0,2,0.0,1999.0,6.0,4.0,0,
475,544,545,0.07843137254901966,0,4,0.4835253277803446,47.0,5,0.0,2025.0,8.0,5.0,0,"(20, 30]"
476,545,546,0.5588235294117647,2,4,0.4868334767109409,10.0,1,1.0,1992.0,9.0,2.0,1,"(40, 50]"
477,546,547,0.05882352941176472,1,3,0.580266303938831,39.0,4,0.0,2013.0,6.0,6.0,0,"(20, 30]"
478,548,549,0.4509803921568628,2,2,0.681401630788951,22.0,3,1.0,2003.0,4.0,0.0,1,"(40, 50]"
479,549,550,0.2941176470588236,2,1,0.737311124453728,6.0,2,0.0,2016.0,2.0,3.0,1,"(30, 40]"
480,550,551,0.5588235294117647,2,4,0.7436872210447065,22.0,1,0.0,2022.0,2.0,5.0,0,"(40, 50]"
481,551,552,0.9411764705882354,2,3,0.17902639728247965,6.0,5,0.0,2011.0,7.0,10.0,1,"(60, 70]"
482,552,553,0.5294117647058824,0,4,0.45480641289556234,45.0,1,0.0,2018.0,5.0,5.0,1,"(40, 50]"
483,553,554,0.607843137254902,2,4,0.1634260423107875,33.0,2,1.0,2015.0,7.0,10.0,1,"(40, 50]"
484,554,555,0.5098039215686275,1,3,0.36330057729453935,41.0,5,1.0,2008.0,1.0,2.0,0,"(40, 50]"
485,555,556,0.4509803921568628,1,2,0.08445201608050128,18.0,5,1.0,1995.0,1.0,5.0,0,"(40, 50]"
486,556,557,0.4509803921568628,0,4,0.5709647403840266,8.0,1,0.0,2008.0,5.0,9.0,1,"(40, 50]"
487,557,558,0.21568627450980393,1,2,0.5315080086879058,47.0,2,1.0,2002.0,2.0,4.0,1,"(20, 30]"
488,558,559,0.9607843137254902,1,3,0.42013551212627764,17.0,3,1.0,2015.0,8.0,8.0,0,"(60, 70]"
489,559,560,0.6666666666666666,2,1,0.3588812839390002,40.0,5,0.0,2011.0,3.0,8.0,0,"(50, 60]"
490,560,561,0.6274509803921569,1,1,0.5476903306773668,47.0,3,0.0,2010.0,1.0,1.0,1,"(40, 50]"
491,561,562,0.6274509803921569,0,4,0.32124963771207776,44.0,2,0.0,2025.0,2.0,3.0,0,"(40, 50]"
492,562,563,0.9803921568627451,2,3,0.30962567297143756,41.0,5,1.0,1991.0,10.0,8.0,0,"(60, 70]"
493,563,564,0.823529411764706,2,2,0.28862019147936396,24.0,5,0.0,2019.0,10.0,3.0,1,"(50, 60]"
494,564,565,0.7058823529411765,0,4,0.4592169079826689,13.0,3,1.0,2016.0,7.0,7.0,1,"(50, 60]"
495,565,566,0.21568627450980393,2,3,0.3945596291538398,43.0,4,1.0,1996.0,6.0,9.0,0,"(20, 30]"
496,567,568,0.0,0,2,0.5831869873780725,18.0,3,1.0,2020.0,7.0,2.0,0,
497,568,569,0.6274509803921569,2,4,0.6586108695858297,38.0,4,1.0,2012.0,10.0,8.0,1,"(40, 50]"
498,569,570,0.7647058823529412,0,3,0.7418415493357777,14.0,2,0.0,2002.0,8.0,10.0,1,"(50, 60]"
499,570,571,0.17647058823529416,0,3,0.5043149527255371,15.0,2,1.0,2006.0,3.0,9.0,1,"(20, 30]"
501,572,573,0.8431372549019608,1,2,0.5263037047799968,39.0,1,1.0,2003.0,7.0,0.0,0,"(60, 70]"
502,574,575,0.23529411764705888,2,4,0.43088204178596656,3.0,5,0.0,2002.0,1.0,1.0,1,"(20, 30]"
503,575,576,0.21568627450980393,0,4,0.4316677356989913,18.0,1,1.0,1992.0,1.0,2.0,0,"(20, 30]"
504,577,578,0.8823529411764707,0,1,0.48704702691561164,20.0,3,0.0,2015.0,3.0,1.0,0,"(60, 70]"
505,578,579,0.019607843137254943,0,1,0.45654505324190997,46.0,4,0.0,2007.0,3.0,2.0,1,
506,581,582,0.6666666666666666,1,1,0.3848656457429322,47.0,5,1.0,1992.0,2.0,10.0,0,"(50, 60]"
507,582,583,0.43137254901960786,2,3,0.046569320232967906,9.0,5,0.0,1990.0,3.0,5.0,1,"(30, 40]"
508,585,586,0.5588235294117647,0,4,0.6805800604415416,21.0,5,0.0,2024.0,5.0,9.0,1,"(40, 50]"
509,586,587,0.5490196078431373,2,1,0.07937729443678655,2.0,5,1.0,2003.0,9.0,4.0,1,"(40, 50]"
510,587,588,0.4901960784313726,1,2,0.34534331142393654,36.0,3,0.0,1992.0,3.0,0.0,1,"(40, 50]"
511,588,589,0.17647058823529416,0,1,0.5677508098037313,40.0,3,1.0,2002.0,6.0,10.0,1,"(20, 30]"
512,590,591,0.6470588235294118,2,1,0.42226887867093876,10.0,1,0.0,2010.0,5.0,0.0,0,"(50, 60]"
514,592,593,0.7843137254901961,1,2,0.7024166793301939,1.0,2,0.0,1992.0,6.0,8.0,1,"(50, 60]"
515,593,594,0.4901960784313726,1,1,0.6300457108484103,11.0,2,0.0,1993.0,1.0,8.0,1,"(40, 50]"
516,594,595,0.05882352941176472,2,2,0.6407276629262068,5.0,5,0.0,2025.0,9.0,4.0,1,"(20, 30]"
517,595,596,0.9607843137254902,0,4,0.41407700739968545,42.0,5,0.0,1990.0,5.0,3.0,1,"(60, 70]"
518,596,597,0.8627450980392156,0,3,0.6843048031114095,39.0,5,1.0,2022.0,1.0,8.0,1,"(60, 70]"
519,597,598,0.1960784313725491,1,1,0.16174531677994652,43.0,5,1.0,1996.0,8.0,8.0,0,"(20, 30]"
520,598,599,0.5490196078431373,0,2,0.6873006562226951,28.0,1,1.0,2000.0,7.0,2.0,0,"(40, 50]"
521,599,600,0.6862745098039217,1,2,0.4826748000251819,29.0,2,0.0,2016.0,7.0,4.0,1,"(50, 60]"
522,600,601,0.47058823529411764,2,4,0.5160682434701259,1.0,4,0.0,2003.0,5.0,2.0,1,"(40, 50]"
523,601,602,0.3921568627450981,1,1,0.3325540459264487,8.0,2,0.0,2011.0,1.0,9.0,0,"(30, 40]"
524,602,603,0.6862745098039217,1,3,0.18413255351632196,46.0,2,1.0,2005.0,9.0,1.0,1,"(50, 60]"
525,603,604,0.17647058823529416,2,2,0.5124413067939974,1.0,3,1.0,2001.0,9.0,0.0,1,"(20, 30]"
526,605,606,0.1568627450980392,1,3,0.6140892395554091,32.0,5,0.0,2013.0,5.0,1.0,0,"(20, 30]"
527,606,607,0.4509803921568628,1,2,0.5956531941259344,9.0,5,0.0,2007.0,3.0,7.0,0,"(40, 50]"
528,607,608,0.6666666666666666,2,2,0.5569379087404305,33.0,3,0.0,2011.0,10.0,10.0,1,"(50, 60]"
529,608,609,0.9411764705882354,0,3,0.3362213008812192,43.0,1,1.0,1998.0,1.0,7.0,0,"(60, 70]"
530,609,610,0.6666666666666666,1,3,0.625156863302841,7.0,1,1.0,2006.0,3.0,2.0,0,"(50, 60]"
531,610,611,0.9215686274509803,2,4,0.3171152203295695,36.0,4,1.0,2002.0,7.0,6.0,1,"(60, 70]"
532,611,612,0.6862745098039217,1,1,0.6831721328258357,32.0,1,0.0,1995.0,4.0,6.0,0,"(50, 60]"
533,612,613,0.33333333333333337,2,1,0.4796936391679777,46.0,1,1.0,2010.0,7.0,1.0,0,"(30, 40]"
534,613,614,0.9411764705882354,0,4,0.4853780039359866,5.0,5,0.0,2025.0,5.0,8.0,0,"(60, 70]"
535,614,615,0.7450980392156864,0,2,0.641976162842794,43.0,2,0.0,1996.0,6.0,4.0,0,"(50, 60]"
536,615,616,0.607843137254902,0,3,0.6651321803159843,39.0,1,0.0,2025.0,7.0,1.0,0,"(40, 50]"
537,616,617,0.4509803921568628,0,3,0.6256971453206581,44.0,1,1.0,2014.0,10.0,2.0,0,"(40, 50]"
538,617,618,0.5686274509803921,1,3,0.35387395873987953,18.0,3,1.0,2000.0,7.0,1.0,1,"(40, 50]"
539,618,619,0.607843137254902,1,2,0.6243357200558409,31.0,4,0.0,2003.0,7.0,7.0,1,"(40, 50]"
540,619,620,0.7058823529411765,0,3,0.3548423662080207,26.0,3,1.0,2018.0,7.0,4.0,1,"(50, 60]"
541,620,621,0.21568627450980393,0,3,0.6286463590672435,0.0,5,0.0,1999.0,7.0,2.0,0,"(20, 30]"
542,621,622,0.9411764705882354,0,4,0.25056605752752087,42.0,2,0.0,1994.0,3.0,4.0,1,"(60, 70]"
543,622,623,0.23529411764705888,1,2,0.4780368312600598,32.0,4,,1997.0,3.0,10.0,0,"(20, 30]"
544,623,624,0.43137254901960786,0,1,0.3537999849489816,39.0,3,1.0,1994.0,7.0,10.0,0,"(30, 40]"
545,624,625,0.47058823529411764,0,4,0.6426610610592143,31.0,1,1.0,2013.0,2.0,7.0,1,"(40, 50]"
546,625,626,0.6666666666666666,0,4,0.6845564506725935,4.0,1,0.0,2015.0,2.0,6.0,0,"(50, 60]"
547,626,627,0.7843137254901961,2,1,0.5280377324419235,16.0,4,1.0,1995.0,3.0,5.0,1,"(50, 60]"
548,627,628,0.5686274509803921,0,4,0.5224192265570351,7.0,1,1.0,2005.0,4.0,0.0,0,"(40, 50]"
549,628,629,0.3137254901960784,2,2,0.614342851778476,41.0,3,1.0,2025.0,6.0,9.0,1,"(30, 40]"
550,629,630,0.9411764705882354,2,3,0.685572607966499,33.0,3,1.0,2001.0,8.0,0.0,1,"(60, 70]"
551,630,631,0.37254901960784315,0,2,0.5004153551480848,8.0,1,0.0,2000.0,10.0,0.0,1,"(30, 40]"
552,631,632,0.9215686274509803,2,1,0.40867649356372504,22.0,1,1.0,1992.0,10.0,9.0,1,"(60, 70]"
553,632,633,0.47058823529411764,0,1,0.6046204234803064,34.0,5,0.0,1995.0,7.0,7.0,0,"(40, 50]"
554,633,634,0.4117647058823529,1,4,0.17649582735713082,49.0,2,0.0,2008.0,4.0,7.0,1,"(30, 40]"
555,634,635,0.23529411764705888,1,2,0.6494461490021782,6.0,4,1.0,2007.0,2.0,6.0,0,"(20, 30]"
556,635,636,0.3529411764705882,1,2,0.3727126744352815,14.0,3,0.0,2005.0,2.0,5.0,1,"(30, 40]"
557,636,637,0.9411764705882354,1,1,0.4530005469447843,19.0,4,0.0,2012.0,4.0,3.0,1,"(60, 70]"
558,637,638,0.6862745098039217,2,2,0.6505395260500926,49.0,5,1.0,1998.0,10.0,0.0,1,"(50, 60]"
559,638,639,0.21568627450980393,0,1,0.42305542678478214,24.0,3,0.0,1992.0,3.0,8.0,0,"(20, 30]"
560,639,640,0.7843137254901961,0,2,0.604644597363475,2.0,5,0.0,1997.0,6.0,0.0,1,"(50, 60]"
561,640,641,0.3529411764705882,0,2,0.6886125378400285,45.0,5,1.0,1993.0,5.0,3.0,1,"(30, 40]"
562,641,642,0.21568627450980393,1,2,0.5128391935353399,23.0,1,,2001.0,5.0,2.0,0,"(20, 30]"
563,642,643,0.1568627450980392,1,1,0.5472489651143533,33.0,4,1.0,2020.0,2.0,6.0,1,"(20, 30]"
564,643,644,0.11764705882352944,0,4,0.4736366720028592,45.0,4,1.0,2014.0,8.0,4.0,0,"(20, 30]"
565,644,645,0.5294117647058824,1,2,0.5137899190465344,21.0,1,1.0,2005.0,5.0,4.0,1,"(40, 50]"
566,645,646,0.2549019607843137,0,1,0.30331432480251524,10.0,4,0.0,2003.0,2.0,4.0,1,"(30, 40]"
567,647,648,1.0,0,2,0.2739638992524803,7.0,3,1.0,1996.0,9.0,4.0,0,"(60, 70]"
568,648,649,0.3529411764705882,0,2,0.34049563635782787,38.0,5,1.0,2001.0,9.0,3.0,1,"(30, 40]"
569,649,650,0.9019607843137255,0,4,0.1518570026827885,42.0,5,0.0,1993.0,1.0,9.0,1,"(60, 70]"
570,650,651,0.2941176470588236,0,1,0.5391306405335885,34.0,4,1.0,1991.0,7.0,7.0,1,"(30, 40]"
571,651,652,0.07843137254901966,0,1,0.7830347004561177,48.0,2,1.0,2024.0,9.0,1.0,0,"(20, 30]"
572,652,653,0.6666666666666666,1,3,0.41611999949772993,45.0,5,0.0,1992.0,6.0,7.0,0,"(50, 60]"
573,653,654,0.21568627450980393,0,1,0.6589247029666139,37.0,1,0.0,1993.0,1.0,0.0,0,"(20, 30]"
574,654,655,0.5588235294117647,0,4,0.6863547142360853,7.0,2,0.0,2001.0,2.0,3.0,0,"(40, 50]"
575,655,656,1.0,1,3,0.2891803763762564,36.0,2,1.0,2008.0,4.0,2.0,0,"(60, 70]"
576,656,657,0.3921568627450981,1,3,0.3259696097557934,26.0,5,0.0,1999.0,4.0,4.0,0,"(30, 40]"
577,657,658,0.6862745098039217,1,3,0.6633092303488327,27.0,5,1.0,1990.0,2.0,4.0,1,"(50, 60]"
578,658,659,0.43137254901960786,0,2,0.47826550081922137,39.0,5,0.0,2006.0,8.0,4.0,1,"(30, 40]"
579,659,660,0.2941176470588236,2,2,0.2735225336894668,33.0,1,1.0,2005.0,2.0,3.0,1,"(30, 40]"
580,661,662,0.8627450980392156,1,3,0.5657359209126214,14.0,4,1.0,1998.0,4.0,2.0,1,"(60, 70]"
581,662,663,0.8039215686274509,2,4,0.35840489614242055,43.0,1,0.0,1998.0,9.0,3.0,0,"(50, 60]"
582,663,664,0.7450980392156864,1,2,0.020038782425569848,16.0,3,,2001.0,10.0,0.0,0,"(50, 60]"
583,664,665,0.2549019607843137,0,4,0.43902838415358403,32.0,5,0.0,2004.0,1.0,6.0,0,"(30, 40]"
584,665,666,0.5882352941176471,2,4,0.45286985421952575,46.0,2,1.0,1991.0,8.0,0.0,1,"(40, 50]"
585,666,667,0.07843137254901966,0,2,0.4956173945696234,45.0,1,0.0,2000.0,5.0,1.0,0,"(20, 30]"
586,667,668,0.6666666666666666,2,2,0.7091090010642489,15.0,3,0.0,2000.0,7.0,10.0,1,"(50, 60]"
587,668,669,0.43137254901960786,0,2,0.503185015882583,28.0,1,1.0,1997.0,8.0,6.0,0,"(30, 40]"
588,669,670,0.5490196078431373,2,2,0.5355446200766748,8.0,1,1.0,2021.0,5.0,0.0,1,"(40, 50]"
589,670,671,0.823529411764706,0,3,0.6743692517089783,32.0,4,0.0,1995.0,8.0,10.0,0,"(50, 60]"
590,671,672,0.1960784313725491,0,3,0.49580830845259904,48.0,4,0.0,2009.0,10.0,2.0,1,"(20, 30]"
591,672,673,0.33333333333333337,2,3,0.8590446498455735,28.0,1,0.0,2024.0,8.0,5.0,0,"(30, 40]"
592,673,674,0.9019607843137255,0,3,0.27814897074353656,12.0,3,1.0,1997.0,9.0,5.0,1,"(60, 70]"
593,674,675,0.21568627450980393,0,1,0.334451225944744,20.0,2,,2023.0,2.0,5.0,0,"(20, 30]"
594,675,676,0.1568627450980392,0,3,0.5989299084664029,20.0,2,1.0,2008.0,3.0,10.0,1,"(20, 30]"
595,676,677,0.17647058823529416,2,2,0.7083282615159725,4.0,5,1.0,1996.0,1.0,4.0,1,"(20, 30]"
596,678,679,0.3137254901960784,0,3,0.3213864806832309,5.0,2,0.0,2025.0,5.0,5.0,1,"(30, 40]"
597,679,680,0.7254901960784313,0,1,0.794888872317393,12.0,1,1.0,2003.0,1.0,9.0,0,"(50, 60]"
598,680,681,0.11764705882352944,2,2,0.35867268809907776,0.0,1,1.0,2025.0,8.0,4.0,0,"(20, 30]"
599,681,682,0.8823529411764707,2,4,0.5519652640945485,19.0,4,0.0,2006.0,2.0,6.0,0,"(60, 70]"
600,684,685,0.8039215686274509,0,4,0.38775668841376537,7.0,2,1.0,2017.0,5.0,7.0,1,"(50, 60]"
601,685,686,0.1568627450980392,1,3,0.39944907463998214,9.0,1,1.0,2009.0,9.0,9.0,0,"(20, 30]"
602,686,687,0.9607843137254902,2,3,0.6480623436759115,8.0,2,0.0,2025.0,9.0,5.0,1,"(60, 70]"
603,687,688,0.5098039215686275,1,2,0.675156910283886,48.0,3,1.0,2016.0,2.0,4.0,0,"(40, 50]"
604,689,690,0.07843137254901966,2,1,0.8157472604284894,2.0,3,0.0,2021.0,3.0,6.0,1,"(20, 30]"
605,690,691,0.5490196078431373,2,2,0.49950229989299433,10.0,4,1.0,1990.0,7.0,3.0,0,"(40, 50]"
606,691,692,0.7058823529411765,2,2,0.7148235191211573,11.0,4,0.0,2006.0,3.0,4.0,0,"(50, 60]"
607,692,693,0.7254901960784313,2,3,0.4202379308044377,9.0,5,0.0,1998.0,1.0,5.0,0,"(50, 60]"
608,693,694,0.3529411764705882,2,2,0.8927404803803314,24.0,2,1.0,2009.0,6.0,0.0,1,"(30, 40]"
609,694,695,0.13725490196078433,2,3,0.7622826603469475,48.0,2,1.0,2021.0,3.0,0.0,1,"(20, 30]"
610,696,697,0.4509803921568628,0,2,0.7391181862856522,24.0,4,1.0,2021.0,4.0,10.0,0,"(40, 50]"
611,697,698,0.0,0,1,0.73048059302721,10.0,3,0.0,1998.0,1.0,2.0,1,
612,698,699,0.4117647058823529,1,1,0.7593629165286067,35.0,4,1.0,2019.0,1.0,1.0,0,"(30, 40]"
613,699,700,1.0,1,4,0.07001815774680277,38.0,3,1.0,2009.0,2.0,1.0,1,"(60, 70]"
614,700,701,0.3137254901960784,1,4,0.6169352658430975,25.0,4,1.0,1990.0,10.0,5.0,0,"(30, 40]"
615,701,702,0.11764705882352944,1,2,0.5866875877531179,13.0,3,0.0,1994.0,8.0,0.0,1,"(20, 30]"
616,702,703,0.47058823529411764,2,1,0.5745194116708946,38.0,4,1.0,2024.0,2.0,5.0,1,"(40, 50]"
617,703,704,0.8627450980392156,0,3,0.5313434896102274,39.0,3,0.0,2025.0,2.0,4.0,0,"(60, 70]"
618,704,705,0.05882352941176472,2,4,0.5363772950347271,0.0,2,0.0,1990.0,10.0,5.0,1,"(20, 30]"
619,705,706,0.6862745098039217,0,3,0.7132530709160083,3.0,5,0.0,2003.0,10.0,4.0,1,"(50, 60]"
620,706,707,0.09803921568627455,0,4,0.5862048788704801,29.0,3,1.0,1998.0,8.0,6.0,0,"(20, 30]"
621,707,708,0.5882352941176471,1,2,0.5310974797744467,11.0,5,0.0,2019.0,6.0,0.0,1,"(40, 50]"
622,708,709,0.3529411764705882,2,1,0.6886931743973123,34.0,2,0.0,2013.0,4.0,2.0,0,"(30, 40]"
623,709,710,0.8431372549019608,1,4,0.5654567680850757,12.0,2,1.0,1993.0,3.0,5.0,0,"(60, 70]"
624,711,712,0.5098039215686275,0,3,0.8130060445812534,37.0,5,0.0,2014.0,3.0,10.0,1,"(40, 50]"
625,712,713,0.17647058823529416,1,2,0.4198144180385346,42.0,1,1.0,1993.0,9.0,10.0,1,"(20, 30]"
626,713,714,0.4901960784313726,1,1,0.23509690780157838,22.0,4,0.0,2014.0,5.0,4.0,0,"(40, 50]"
627,714,715,0.3529411764705882,0,2,0.506403729987463,3.0,5,,1999.0,6.0,3.0,1,"(30, 40]"
628,715,716,0.7450980392156864,0,1,0.5306937844675369,15.0,3,0.0,2024.0,5.0,2.0,0,"(50, 60]"
629,716,717,0.03921568627450983,0,3,0.6173072702996341,6.0,3,,1996.0,1.0,9.0,1,
630,717,718,0.8627450980392156,1,3,0.5123750208104676,21.0,2,1.0,2002.0,10.0,8.0,1,"(60, 70]"
632,719,720,0.9607843137254902,1,3,0.9219302307563719,10.0,3,0.0,2025.0,4.0,7.0,1,"(60, 70]"
633,720,721,0.5294117647058824,2,4,0.6309720062161902,32.0,5,0.0,2003.0,3.0,0.0,1,"(40, 50]"
634,721,722,0.37254901960784315,1,1,0.6610058778412535,28.0,5,1.0,2007.0,8.0,4.0,1,"(30, 40]"
635,722,723,0.5294117647058824,1,3,0.47191195512985606,38.0,3,1.0,1997.0,7.0,9.0,1,"(40, 50]"
636,724,725,0.7843137254901961,2,2,0.10143139285387555,6.0,5,,2016.0,8.0,4.0,0,"(50, 60]"
637,725,726,0.7450980392156864,1,4,0.4054296762519104,38.0,2,1.0,2012.0,10.0,5.0,1,"(50, 60]"
638,726,727,0.0,1,2,0.05321004823757443,41.0,1,0.0,2002.0,7.0,10.0,0,
639,727,728,0.03921568627450983,0,2,0.5817759330456898,47.0,2,1.0,2001.0,10.0,7.0,1,
640,728,729,0.23529411764705888,0,1,0.42864061883774196,25.0,1,1.0,2014.0,2.0,5.0,1,"(20, 30]"
641,729,730,0.5294117647058824,2,1,0.26966393775131126,39.0,5,1.0,1992.0,4.0,10.0,0,"(40, 50]"
642,730,731,0.5588235294117647,1,4,0.516399673387775,8.0,1,0.0,2015.0,6.0,5.0,1,"(40, 50]"
643,731,732,0.47058823529411764,2,1,0.36785312597779307,40.0,5,0.0,1993.0,3.0,10.0,1,"(40, 50]"
644,732,733,0.6274509803921569,1,1,0.5710518688675322,33.0,5,1.0,2025.0,3.0,4.0,0,"(40, 50]"
645,733,734,0.7254901960784313,2,1,0.6149321649232856,44.0,2,0.0,2004.0,6.0,4.0,0,"(50, 60]"
646,734,735,0.09803921568627455,0,4,0.37413970232297356,12.0,2,0.0,2021.0,1.0,7.0,1,"(20, 30]"
647,735,736,0.5686274509803921,1,3,0.4535040129073161,35.0,4,0.0,2018.0,1.0,1.0,0,"(40, 50]"
648,736,737,0.8627450980392156,2,1,0.5307540056252541,24.0,3,,1999.0,5.0,4.0,0,"(60, 70]"
649,737,738,0.607843137254902,0,1,0.25366185213459236,23.0,4,1.0,2010.0,1.0,3.0,0,"(40, 50]"
650,738,739,0.8627450980392156,0,4,0.5307388862707634,43.0,4,1.0,2015.0,10.0,0.0,0,"(60, 70]"
651,739,740,0.9019607843137255,2,3,0.24956570294876101,16.0,1,0.0,2008.0,8.0,4.0,1,"(60, 70]"
652,740,741,0.3921568627450981,1,1,0.5906883227075023,1.0,5,0.0,2018.0,2.0,2.0,1,"(30, 40]"
653,742,743,0.3921568627450981,0,4,0.24862198188427992,30.0,5,0.0,2005.0,10.0,6.0,1,"(30, 40]"
654,743,744,0.1960784313725491,1,1,0.3949583700960011,28.0,3,1.0,1990.0,10.0,4.0,0,"(20, 30]"
655,744,745,0.7058823529411765,1,1,0.4021847381818968,49.0,1,0.0,1991.0,5.0,3.0,1,"(50, 60]"
656,745,746,0.6862745098039217,1,2,0.6765874403949347,27.0,1,1.0,2004.0,10.0,0.0,1,"(50, 60]"
657,746,747,0.6666666666666666,0,2,0.523648506955202,26.0,5,0.0,2017.0,4.0,5.0,0,"(50, 60]"
658,747,748,0.3529411764705882,2,4,0.3306705331212524,14.0,4,1.0,2015.0,1.0,10.0,0,"(30, 40]"
659,748,749,0.37254901960784315,1,4,0.7757679286714984,30.0,3,0.0,1994.0,3.0,9.0,1,"(30, 40]"
660,750,751,0.9019607843137255,0,4,0.43658374683059475,14.0,2,1.0,2025.0,2.0,6.0,1,"(60, 70]"
661,751,752,0.7843137254901961,2,2,0.22858388281936498,32.0,1,1.0,2002.0,2.0,0.0,0,"(50, 60]"
662,752,753,0.9411764705882354,1,1,0.42150351473739867,19.0,1,0.0,1990.0,2.0,3.0,1,"(60, 70]"
663,753,754,0.2549019607843137,1,2,0.456368660772852,41.0,4,1.0,2005.0,1.0,8.0,0,"(30, 40]"
664,754,755,0.27450980392156865,2,2,0.5570867105230451,11.0,3,0.0,2011.0,10.0,9.0,0,"(30, 40]"
665,755,756,0.5882352941176471,2,3,0.5977849376890401,36.0,1,1.0,2021.0,2.0,5.0,0,"(40, 50]"
666,756,757,0.0,0,2,0.6318377387459256,8.0,4,1.0,2005.0,6.0,1.0,1,
667,757,758,0.03921568627450983,0,2,0.21873776624264996,22.0,3,0.0,2004.0,3.0,3.0,0,
668,758,759,0.2941176470588236,2,3,0.5296621661388133,7.0,4,,2025.0,10.0,5.0,1,"(30, 40]"
669,759,760,0.43137254901960786,1,4,0.4667723142239214,31.0,3,0.0,1990.0,5.0,3.0,0,"(30, 40]"
670,760,761,0.1960784313725491,0,3,0.9515472523819177,47.0,5,0.0,2006.0,1.0,9.0,1,"(20, 30]"
671,761,762,0.21568627450980393,0,1,0.5050935567717667,13.0,3,0.0,2017.0,8.0,6.0,1,"(20, 30]"
672,762,763,0.17647058823529416,1,3,0.38766699732780363,26.0,2,0.0,1996.0,4.0,2.0,0,"(20, 30]"
673,763,764,0.607843137254902,0,1,0.5128965958303555,24.0,5,1.0,1998.0,9.0,5.0,0,"(40, 50]"
674,764,765,0.2941176470588236,1,4,0.4925772938559301,12.0,4,1.0,2011.0,4.0,3.0,1,"(30, 40]"
675,765,766,0.13725490196078433,1,3,0.15423330394028317,20.0,5,0.0,2015.0,2.0,2.0,1,"(20, 30]"
676,766,767,0.7254901960784313,1,3,0.56379594543331,44.0,5,1.0,2001.0,3.0,5.0,0,"(50, 60]"
677,767,768,0.21568627450980393,2,4,0.44098535822918705,30.0,4,1.0,1996.0,5.0,5.0,0,"(20, 30]"
678,768,769,0.4509803921568628,2,1,0.48948124298861295,36.0,4,0.0,2004.0,10.0,10.0,1,"(40, 50]"
679,769,770,0.5294117647058824,2,3,0.3448005522237453,47.0,2,1.0,2010.0,6.0,2.0,1,"(40, 50]"
680,770,771,0.13725490196078433,1,1,0.30715669092511577,42.0,4,0.0,2003.0,7.0,9.0,0,"(20, 30]"
681,771,772,0.5294117647058824,1,3,0.6441895680041658,4.0,1,1.0,1991.0,4.0,0.0,1,"(40, 50]"
682,772,773,0.6862745098039217,2,2,0.683410027753839,12.0,1,1.0,1997.0,7.0,2.0,0,"(50, 60]"
683,773,774,0.4901960784313726,0,3,0.5654691539969466,27.0,2,0.0,1995.0,10.0,8.0,0,"(40, 50]"
684,774,775,0.13725490196078433,1,4,0.18468419640502753,42.0,3,1.0,2022.0,3.0,3.0,0,"(20, 30]"
685,775,776,0.9607843137254902,0,4,0.5765677852340968,24.0,3,1.0,1995.0,7.0,2.0,0,"(60, 70]"
686,776,777,0.5294117647058824,0,1,0.18722305207831758,34.0,1,0.0,1992.0,4.0,4.0,1,"(40, 50]"
687,777,778,0.5686274509803921,1,3,0.3810858071202593,46.0,4,1.0,2003.0,8.0,0.0,0,"(40, 50]"
688,778,779,0.7058823529411765,1,1,0.641913293662539,38.0,2,0.0,1997.0,9.0,4.0,0,"(50, 60]"
689,780,781,0.6862745098039217,0,2,0.5721095403212257,37.0,3,0.0,2002.0,8.0,6.0,1,"(50, 60]"
690,781,782,0.5098039215686275,2,2,0.7183376158691379,31.0,5,0.0,2017.0,8.0,4.0,0,"(40, 50]"
691,782,783,0.3137254901960784,2,4,0.5897141920938761,2.0,1,0.0,2007.0,2.0,1.0,0,"(30, 40]"
692,783,784,0.1568627450980392,1,1,0.14911160125154088,44.0,4,0.0,2008.0,9.0,0.0,0,"(20, 30]"
693,784,785,0.6274509803921569,2,4,0.43091040125314684,38.0,2,0.0,2021.0,6.0,10.0,0,"(40, 50]"
694,785,786,0.37254901960784315,2,3,0.4869327348460718,36.0,3,1.0,2011.0,4.0,6.0,0,"(30, 40]"
695,787,788,0.5294117647058824,2,1,0.38860969335130235,21.0,1,0.0,2002.0,10.0,2.0,1,"(40, 50]"
696,788,789,0.9215686274509803,0,3,0.31804911808463576,7.0,1,1.0,2012.0,5.0,10.0,1,"(60, 70]"
697,789,790,0.5490196078431373,1,3,0.9041848066888025,16.0,2,0.0,2014.0,10.0,5.0,0,"(40, 50]"
698,790,791,0.23529411764705888,2,4,0.42762787834711125,26.0,3,1.0,2017.0,9.0,5.0,1,"(20, 30]"
699,791,792,0.8823529411764707,0,4,0.8957892085222933,32.0,2,1.0,2000.0,7.0,6.0,1,"(60, 70]"
700,792,793,0.6666666666666666,0,3,0.29906288190784736,45.0,2,0.0,2022.0,9.0,10.0,0,"(50, 60]"
701,793,794,0.09803921568627455,0,4,0.6062933757836972,16.0,5,0.0,2013.0,4.0,10.0,1,"(20, 30]"
702,794,795,0.33333333333333337,2,3,0.5332731292596327,41.0,1,1.0,1991.0,10.0,0.0,1,"(30, 40]"
703,795,796,0.9803921568627451,2,1,0.33653513426200343,11.0,4,1.0,2019.0,10.0,6.0,0,"(60, 70]"
704,796,797,0.07843137254901966,1,1,0.41416362336269996,47.0,1,0.0,2006.0,4.0,1.0,0,"(20, 30]"
705,797,798,0.9019607843137255,2,2,0.4914563261215721,45.0,1,1.0,2023.0,6.0,5.0,0,"(60, 70]"
706,798,799,0.47058823529411764,2,1,0.3498321367261165,26.0,5,1.0,2011.0,8.0,7.0,1,"(40, 50]"
707,800,801,0.17647058823529416,1,4,0.09002080747774231,7.0,3,1.0,2005.0,1.0,9.0,1,"(20, 30]"
708,801,802,0.5686274509803921,2,2,0.6155966477401392,22.0,4,0.0,2002.0,1.0,2.0,0,"(40, 50]"
709,802,803,0.9607843137254902,2,4,0.7036879009885582,41.0,3,0.0,2015.0,8.0,10.0,0,"(60, 70]"
710,803,804,0.8627450980392156,0,3,0.5716646725348555,48.0,4,0.0,2020.0,7.0,7.0,0,"(60, 70]"
711,804,805,0.07843137254901966,0,1,0.8808673452608812,28.0,2,1.0,2012.0,9.0,7.0,0,"(20, 30]"
712,805,806,0.6274509803921569,2,2,0.6105705301230075,49.0,4,1.0,2001.0,3.0,3.0,1,"(40, 50]"
713,807,808,0.33333333333333337,1,2,0.7056032754842914,15.0,3,0.0,2007.0,5.0,4.0,0,"(30, 40]"
714,808,809,0.607843137254902,0,2,0.02405754101722847,16.0,1,1.0,2016.0,3.0,4.0,1,"(40, 50]"
715,809,810,0.9019607843137255,0,1,0.5664215024896966,15.0,5,1.0,2017.0,5.0,4.0,0,"(60, 70]"
716,810,811,0.9411764705882354,2,3,0.2577802959617913,18.0,3,,2007.0,10.0,2.0,0,"(60, 70]"
717,811,812,0.1960784313725491,0,4,0.2922953905017482,7.0,3,0.0,2005.0,1.0,6.0,1,"(20, 30]"
719,814,815,0.47058823529411764,1,4,0.6051658307030355,28.0,5,1.0,2018.0,2.0,8.0,0,"(40, 50]"
720,815,816,0.4117647058823529,2,3,0.5681840604589673,40.0,1,1.0,1998.0,7.0,8.0,0,"(30, 40]"
721,816,817,0.5098039215686275,0,2,0.49189171227885486,35.0,1,0.0,2015.0,8.0,0.0,1,"(40, 50]"
722,817,818,0.9411764705882354,1,2,0.617504505268668,25.0,2,0.0,2017.0,1.0,0.0,0,"(60, 70]"
723,818,819,0.23529411764705888,0,2,0.6278920997443462,30.0,5,1.0,2002.0,4.0,9.0,0,"(20, 30]"
724,819,820,0.6274509803921569,1,3,0.5696590944326694,43.0,1,1.0,2025.0,4.0,10.0,0,"(40, 50]"
725,820,821,0.6470588235294118,2,3,0.19942642123427068,11.0,2,0.0,1998.0,5.0,5.0,0,"(50, 60]"
726,821,822,0.7843137254901961,2,4,0.3677333670230136,16.0,5,0.0,2003.0,4.0,0.0,0,"(50, 60]"
727,823,824,0.0,1,3,0.6193443684120297,8.0,3,1.0,2021.0,7.0,0.0,1,
728,824,825,0.3921568627450981,0,1,0.2670663984817777,38.0,2,1.0,1992.0,2.0,1.0,0,"(30, 40]"
729,825,826,0.9215686274509803,0,4,0.4921029561413154,41.0,3,0.0,2005.0,1.0,5.0,0,"(60, 70]"
730,826,827,0.09803921568627455,0,2,0.2265695918688283,47.0,4,1.0,2009.0,9.0,3.0,1,"(20, 30]"
731,827,828,0.5294117647058824,1,3,0.6693091368992631,11.0,1,0.0,2021.0,1.0,7.0,1,"(40, 50]"
732,829,830,0.07843137254901966,1,2,1.0,24.0,5,1.0,2006.0,2.0,8.0,1,"(20, 30]"
733,830,831,0.5882352941176471,1,1,0.26294077936770177,38.0,2,1.0,2005.0,4.0,8.0,0,"(40, 50]"
734,831,832,0.07843137254901966,1,3,0.5602300841157173,17.0,2,0.0,1997.0,6.0,1.0,1,"(20, 30]"
735,832,833,0.7254901960784313,0,4,0.7289120240638621,14.0,5,1.0,2008.0,5.0,0.0,1,"(50, 60]"
736,833,834,0.03921568627450983,1,3,0.30666603797486414,31.0,3,0.0,2019.0,6.0,9.0,0,
737,834,835,0.43137254901960786,1,2,0.6284246939547953,5.0,1,1.0,2023.0,3.0,9.0,1,"(30, 40]"
738,835,836,0.7058823529411765,0,4,0.40140519451476653,43.0,1,1.0,2003.0,5.0,8.0,0,"(50, 60]"
739,836,837,0.7058823529411765,1,3,0.6346757355459186,42.0,2,1.0,2011.0,2.0,1.0,1,"(50, 60]"
740,838,839,0.17647058823529416,0,2,0.520572615227206,33.0,5,0.0,2004.0,3.0,2.0,1,"(20, 30]"
741,839,840,0.3529411764705882,2,1,0.18065339358182547,37.0,4,0.0,2021.0,1.0,0.0,0,"(30, 40]"
742,840,841,0.3137254901960784,2,1,0.6104149801539254,4.0,3,0.0,2002.0,8.0,10.0,0,"(30, 40]"
743,841,842,0.3921568627450981,2,1,0.5798062313778883,17.0,4,1.0,2010.0,8.0,0.0,0,"(30, 40]"
744,843,844,0.1568627450980392,1,3,0.5274701159979086,7.0,2,0.0,2025.0,7.0,1.0,1,"(20, 30]"
745,844,845,0.8823529411764707,2,1,0.3439090228292857,24.0,2,0.0,2024.0,9.0,6.0,0,"(60, 70]"
746,845,846,0.0,0,3,0.679054714039619,31.0,2,1.0,2005.0,8.0,5.0,1,
747,846,847,0.9803921568627451,1,1,0.6474794370372421,25.0,4,0.0,2017.0,3.0,10.0,1,"(60, 70]"
748,847,848,0.8627450980392156,2,4,0.3103156963927698,21.0,3,,2023.0,2.0,1.0,0,"(60, 70]"
749,848,849,0.23529411764705888,0,4,0.7185755107971411,30.0,2,1.0,1990.0,10.0,3.0,0,"(20, 30]"
750,849,850,0.05882352941176472,1,1,0.5165355767380275,42.0,1,0.0,2020.0,7.0,1.0,1,"(20, 30]"
751,850,851,0.0,1,2,0.5161029240233646,9.0,3,1.0,2025.0,7.0,0.0,1,
752,851,852,0.9411764705882354,2,1,0.4639125353030521,11.0,1,0.0,2022.0,9.0,2.0,1,"(60, 70]"
753,852,853,0.7647058823529412,1,1,0.4807167154885146,27.0,3,0.0,2022.0,5.0,4.0,0,"(50, 60]"
754,853,854,0.607843137254902,0,2,0.7282457474252894,5.0,2,0.0,2007.0,4.0,9.0,0,"(40, 50]"
755,854,855,0.6470588235294118,1,4,0.6705318399511261,19.0,5,0.0,2012.0,8.0,4.0,1,"(50, 60]"
756,855,856,0.5294117647058824,0,3,0.666905244955325,4.0,2,0.0,2012.0,4.0,4.0,1,"(40, 50]"
757,856,857,0.5882352941176471,1,1,0.5255721671988764,22.0,4,1.0,2004.0,4.0,6.0,1,"(40, 50]"
758,857,858,0.4509803921568628,2,2,0.645947342448852,8.0,4,0.0,2015.0,2.0,9.0,0,"(40, 50]"
759,858,859,0.7450980392156864,0,1,0.35150696827130856,28.0,3,1.0,2019.0,1.0,4.0,1,"(50, 60]"
760,859,860,0.4901960784313726,1,2,0.5937166354498978,15.0,4,0.0,2014.0,4.0,8.0,1,"(40, 50]"
761,860,861,0.6470588235294118,1,3,0.4678192227472996,45.0,2,0.0,2005.0,7.0,6.0,1,"(50, 60]"
762,862,863,0.9607843137254902,0,4,0.22307129783599328,7.0,2,1.0,2015.0,9.0,8.0,0,"(60, 70]"
764,865,866,0.8431372549019608,2,4,0.38093128219215955,38.0,1,1.0,2021.0,5.0,8.0,0,"(60, 70]"
765,866,867,0.07843137254901966,2,4,0.3930546981514838,36.0,5,0.0,2013.0,7.0,5.0,1,"(20, 30]"
766,867,868,0.5686274509803921,0,2,0.6244367720126911,49.0,1,0.0,2002.0,7.0,7.0,0,"(40, 50]"
767,868,869,0.5686274509803921,1,4,0.399222796843113,33.0,1,1.0,2009.0,10.0,5.0,1,"(40, 50]"
768,870,871,0.9215686274509803,0,1,0.6930910273123025,39.0,5,1.0,1993.0,10.0,8.0,1,"(60, 70]"
769,871,872,0.9019607843137255,1,3,0.4977793768417105,32.0,3,0.0,2023.0,4.0,8.0,1,"(60, 70]"
770,872,873,0.5588235294117647,2,4,0.622762623828154,30.0,3,1.0,2017.0,3.0,9.0,1,"(40, 50]"
771,873,874,0.27450980392156865,1,2,0.5994906058837866,43.0,1,1.0,1991.0,9.0,9.0,0,"(30, 40]"
772,874,875,0.7058823529411765,1,2,0.4520716035544664,33.0,1,0.0,2019.0,10.0,8.0,0,"(50, 60]"
773,875,876,0.3921568627450981,1,3,0.6412429168600364,49.0,4,1.0,2015.0,4.0,9.0,1,"(30, 40]"
774,876,877,0.2549019607843137,1,2,0.6664021206731205,6.0,5,0.0,2015.0,8.0,2.0,0,"(30, 40]"
775,877,878,0.019607843137254943,2,4,0.3313269864504104,48.0,1,0.0,2009.0,1.0,10.0,1,
776,879,880,0.9803921568627451,2,2,0.518386544492032,45.0,5,0.0,2002.0,6.0,10.0,0,"(60, 70]"
777,880,881,0.7450980392156864,0,1,0.6391902722927408,6.0,3,0.0,2000.0,1.0,5.0,1,"(50, 60]"
778,882,883,0.6470588235294118,1,4,0.3919196361036177,2.0,5,1.0,2012.0,5.0,5.0,0,"(50, 60]"
779,883,884,0.7254901960784313,2,2,0.5229130400503159,37.0,4,0.0,2008.0,8.0,4.0,0,"(50, 60]"
780,884,885,0.9607843137254902,1,4,0.6958647027906485,19.0,1,0.0,2007.0,4.0,4.0,1,"(60, 70]"
781,885,886,0.6470588235294118,0,3,0.28913937473695955,33.0,2,1.0,2016.0,3.0,1.0,0,"(50, 60]"
782,886,887,0.33333333333333337,1,1,0.31896311296062674,48.0,3,1.0,1995.0,2.0,6.0,0,"(30, 40]"
783,887,888,0.5686274509803921,1,3,0.40511797837317287,43.0,1,0.0,1999.0,4.0,3.0,0,"(40, 50]"
784,888,889,0.27450980392156865,1,2,0.4355152270265039,43.0,1,1.0,1991.0,10.0,2.0,0,"(30, 40]"
785,890,891,0.9803921568627451,2,4,0.7499931023283892,16.0,4,0.0,2017.0,10.0,3.0,0,"(60, 70]"
786,891,892,0.6470588235294118,2,4,0.4717795540029601,9.0,3,1.0,2017.0,5.0,10.0,0,"(50, 60]"
787,892,893,1.0,0,3,0.4461880391555406,34.0,1,1.0,1991.0,7.0,3.0,0,"(60, 70]"
788,893,894,0.7254901960784313,1,1,0.771252793984103,19.0,5,1.0,1994.0,9.0,7.0,0,"(50, 60]"
789,894,895,0.6274509803921569,2,3,0.6166690968679959,17.0,3,1.0,2000.0,2.0,0.0,1,"(40, 50]"
790,895,896,0.4509803921568628,0,3,0.4025695556507135,44.0,4,0.0,1999.0,5.0,8.0,0,"(40, 50]"
791,896,897,0.27450980392156865,2,2,0.5221627954712665,43.0,1,1.0,1991.0,10.0,6.0,0,"(30, 40]"
792,897,898,0.5686274509803921,0,2,0.48691078188503156,26.0,1,0.0,2004.0,9.0,1.0,0,"(40, 50]"
793,898,899,0.8039215686274509,1,2,0.7414776597870189,48.0,1,1.0,1996.0,3.0,10.0,0,"(50, 60]"
794,899,900,0.9803921568627451,2,1,0.46543839422546585,35.0,3,0.0,2009.0,1.0,5.0,0,"(60, 70]"
795,900,901,0.3137254901960784,0,1,0.24767945670094488,22.0,3,0.0,2023.0,2.0,7.0,1,"(30, 40]"
796,901,902,0.07843137254901966,2,2,0.17333588226857632,31.0,3,1.0,2024.0,6.0,10.0,1,"(20, 30]"
797,902,903,0.5490196078431373,2,2,0.7460579699968797,9.0,3,0.0,2023.0,5.0,4.0,1,"(40, 50]"
798,903,904,0.05882352941176472,2,1,0.3593141074938269,10.0,5,0.0,2011.0,1.0,4.0,1,"(20, 30]"
799,904,905,0.17647058823529416,2,4,0.6085401801970796,37.0,2,0.0,2020.0,1.0,9.0,0,"(20, 30]"
800,905,906,0.3137254901960784,0,1,0.506301225889221,5.0,5,0.0,2012.0,4.0,4.0,0,"(30, 40]"
801,906,907,0.17647058823529416,1,1,0.42285972937722194,40.0,1,0.0,2008.0,4.0,5.0,0,"(20, 30]"
802,907,908,0.3137254901960784,0,1,0.44964874835235347,46.0,5,1.0,1993.0,6.0,8.0,1,"(30, 40]"
803,908,909,0.37254901960784315,0,2,0.7645456945758847,33.0,4,0.0,2013.0,6.0,4.0,1,"(30, 40]"
804,909,910,0.4509803921568628,0,4,0.2466537323578702,35.0,3,0.0,2009.0,10.0,8.0,1,"(40, 50]"
805,910,911,0.07843137254901966,1,1,0.4280191023220681,36.0,4,1.0,2017.0,6.0,5.0,1,"(20, 30]"
807,913,914,0.019607843137254943,2,3,0.7190859812063862,39.0,3,1.0,2024.0,9.0,4.0,1,
808,914,915,0.23529411764705888,1,1,0.6464731884728334,11.0,4,1.0,2021.0,7.0,1.0,0,"(20, 30]"
809,915,916,0.823529411764706,2,3,0.5404747255217865,20.0,1,1.0,2024.0,7.0,7.0,1,"(50, 60]"
810,916,917,0.823529411764706,1,4,0.40808171353367595,39.0,3,1.0,2019.0,7.0,10.0,1,"(50, 60]"
811,917,918,0.9215686274509803,2,3,0.25288897123384785,18.0,2,1.0,2006.0,2.0,3.0,1,"(60, 70]"
812,919,920,0.9803921568627451,0,4,0.963620099652776,17.0,5,0.0,1995.0,6.0,5.0,0,"(60, 70]"
813,920,921,0.9019607843137255,1,1,0.5189654363868537,18.0,3,0.0,2006.0,7.0,4.0,0,"(60, 70]"
814,921,922,0.43137254901960786,0,1,0.18207922558837136,46.0,4,1.0,2006.0,3.0,0.0,1,"(30, 40]"
815,925,926,0.2941176470588236,1,3,0.383761762024948,47.0,4,0.0,2025.0,7.0,7.0,1,"(30, 40]"
816,926,927,0.13725490196078433,2,4,0.3663589579057525,17.0,3,1.0,2003.0,4.0,0.0,1,"(20, 30]"
817,927,928,0.05882352941176472,0,2,0.40326282503515687,47.0,1,0.0,2016.0,7.0,9.0,1,"(20, 30]"
818,928,929,0.7647058823529412,2,3,0.464628782689518,42.0,5,0.0,2008.0,5.0,6.0,1,"(50, 60]"
819,929,930,0.05882352941176472,0,1,0.34696466999787906,38.0,5,1.0,1992.0,1.0,3.0,1,"(20, 30]"
820,931,932,0.03921568627450983,1,1,0.523831476770564,48.0,2,1.0,2006.0,4.0,8.0,0,
821,932,933,0.607843137254902,1,3,0.462835131810447,11.0,3,1.0,2008.0,7.0,4.0,1,"(40, 50]"
822,933,934,0.03921568627450983,0,2,0.4195134830901125,44.0,3,0.0,1993.0,2.0,7.0,1,
823,934,935,0.5098039215686275,1,4,0.5082532456000757,9.0,3,1.0,2000.0,2.0,4.0,1,"(40, 50]"
824,935,936,0.5490196078431373,0,4,0.23433410647049435,6.0,3,0.0,2011.0,1.0,1.0,1,"(40, 50]"
825,936,937,0.607843137254902,2,1,0.5390067814148795,45.0,3,1.0,1993.0,2.0,3.0,0,"(40, 50]"
826,938,939,0.9803921568627451,2,3,0.5349555631921109,48.0,5,1.0,1997.0,8.0,6.0,1,"(60, 70]"
827,939,940,0.3529411764705882,0,2,0.5623172383960876,35.0,4,1.0,2023.0,8.0,6.0,0,"(30, 40]"
828,940,941,0.3921568627450981,2,4,0.6872872452698416,20.0,2,0.0,2000.0,8.0,2.0,1,"(30, 40]"
829,942,943,0.33333333333333337,2,4,0.6762795864198814,23.0,5,1.0,2000.0,1.0,0.0,0,"(30, 40]"
830,943,944,0.5294117647058824,1,1,0.4390454681699576,24.0,2,1.0,2010.0,10.0,0.0,1,"(40, 50]"
831,944,945,0.8039215686274509,1,4,0.44720060880600754,6.0,4,1.0,2019.0,4.0,8.0,0,"(50, 60]"
832,945,946,0.4117647058823529,2,2,0.4785069833906631,41.0,1,1.0,1999.0,6.0,5.0,1,"(30, 40]"
833,946,947,0.3921568627450981,0,2,0.6262927795515258,16.0,2,,2015.0,8.0,4.0,1,"(30, 40]"
834,948,949,0.0,0,2,0.5171168603951414,29.0,2,0.0,1997.0,3.0,5.0,1,
835,950,951,0.7843137254901961,0,3,0.5987762377391218,32.0,1,1.0,1997.0,10.0,5.0,1,"(50, 60]"
836,951,952,0.21568627450980393,1,4,0.3468786519754377,6.0,2,0.0,2015.0,4.0,8.0,0,"(20, 30]"
837,952,953,0.4901960784313726,0,1,0.33756905893293754,23.0,4,0.0,2005.0,2.0,3.0,0,"(40, 50]"
838,953,954,0.8823529411764707,1,1,0.29954217398721045,10.0,5,0.0,2002.0,7.0,2.0,1,"(60, 70]"
839,954,955,0.6470588235294118,1,1,0.47983261764117746,8.0,4,0.0,2012.0,4.0,0.0,0,"(50, 60]"
840,955,956,0.9411764705882354,1,1,0.7010523497825932,11.0,4,0.0,2001.0,8.0,1.0,1,"(60, 70]"
841,956,957,0.2549019607843137,2,1,0.3291187919140326,34.0,5,1.0,2016.0,8.0,2.0,0,"(30, 40]"
842,957,958,0.4901960784313726,2,2,0.7808093364832844,3.0,4,0.0,2011.0,7.0,3.0,0,"(40, 50]"
843,958,959,0.8627450980392156,1,3,0.6494732271681305,35.0,5,0.0,2021.0,10.0,6.0,1,"(60, 70]"
844,959,960,0.5098039215686275,2,1,0.24382829230991193,27.0,5,1.0,2016.0,9.0,5.0,1,"(40, 50]"
845,961,962,0.5686274509803921,0,3,0.31632457205179637,22.0,2,0.0,2022.0,7.0,7.0,1,"(40, 50]"
846,962,963,0.9019607843137255,1,2,0.6076422442964798,18.0,1,0.0,2015.0,10.0,8.0,1,"(60, 70]"
847,963,964,0.4117647058823529,0,1,0.3252231236603462,41.0,2,0.0,2017.0,10.0,5.0,0,"(30, 40]"
848,964,965,0.9019607843137255,1,2,0.217088816982264,36.0,5,1.0,2008.0,1.0,4.0,0,"(60, 70]"
849,965,966,0.5686274509803921,1,1,0.43839405462562986,38.0,1,0.0,1994.0,4.0,3.0,1,"(40, 50]"
850,966,967,0.823529411764706,0,2,0.6938206002315398,23.0,1,1.0,2022.0,2.0,1.0,0,"(50, 60]"
851,967,968,0.9215686274509803,2,3,0.4611516728369863,15.0,5,1.0,2009.0,9.0,5.0,1,"(60, 70]"
852,968,969,0.4901960784313726,0,1,0.5621113759987851,32.0,1,1.0,2019.0,10.0,8.0,1,"(40, 50]"
853,969,970,0.4901960784313726,0,4,0.5687377534296377,11.0,1,1.0,1997.0,3.0,3.0,0,"(40, 50]"
854,970,971,0.6862745098039217,1,3,0.2356837437640137,33.0,2,0.0,2006.0,4.0,2.0,1,"(50, 60]"
855,971,972,0.0,1,4,0.3403919363784397,6.0,1,1.0,1990.0,6.0,5.0,0,
856,972,973,0.13725490196078433,1,3,0.4951454486173009,10.0,5,1.0,1992.0,10.0,10.0,1,"(20, 30]"
857,973,974,0.9411764705882354,1,2,0.3988225183394781,30.0,3,0.0,2015.0,1.0,5.0,1,"(60, 70]"
858,974,975,0.6666666666666666,2,1,0.7852304236605427,28.0,3,1.0,2020.0,7.0,2.0,1,"(50, 60]"
859,976,977,0.27450980392156865,2,2,0.3387030105197394,30.0,5,1.0,1997.0,7.0,3.0,0,"(30, 40]"
860,977,978,0.4901960784313726,1,1,0.5436778077516846,1.0,3,0.0,2024.0,7.0,0.0,1,"(40, 50]"
861,978,979,0.4117647058823529,1,1,0.3867717094497418,38.0,2,1.0,2017.0,9.0,1.0,0,"(30, 40]"
862,979,980,0.2549019607843137,1,3,0.0,14.0,5,1.0,1993.0,4.0,2.0,0,"(30, 40]"
863,980,981,0.4901960784313726,2,1,0.8245623566170539,10.0,5,0.0,2005.0,7.0,7.0,1,"(40, 50]"
864,981,982,0.5294117647058824,1,3,0.31050661027574544,33.0,5,1.0,2025.0,9.0,9.0,0,"(40, 50]"
865,982,983,0.43137254901960786,0,1,0.589864104337555,38.0,1,1.0,2009.0,5.0,3.0,0,"(30, 40]"
866,983,984,0.2549019607843137,0,4,0.27991161413288923,3.0,1,0.0,1994.0,4.0,3.0,0,"(30, 40]"
867,984,985,0.4509803921568628,1,2,0.3466000970884651,10.0,1,1.0,2009.0,5.0,9.0,1,"(40, 50]"
868,985,986,0.019607843137254943,0,4,0.2167789983453276,28.0,4,1.0,2013.0,4.0,8.0,1,
869,986,987,0.8627450980392156,0,3,0.36741551889838164,1.0,2,0.0,2025.0,8.0,6.0,0,"(60, 70]"
870,987,988,0.4901960784313726,2,4,0.3839718954263441,15.0,5,0.0,2023.0,5.0,1.0,1,"(40, 50]"
871,988,989,0.2549019607843137,1,3,0.4713936260730792,38.0,5,0.0,2023.0,9.0,2.0,0,"(30, 40]"
872,989,990,0.9803921568627451,1,1,0.4303913888357149,12.0,1,0.0,2008.0,9.0,3.0,1,"(60, 70]"
873,990,991,0.11764705882352944,2,1,0.2477716249692808,36.0,5,0.0,1992.0,3.0,3.0,0,"(20, 30]"
874,991,992,0.03921568627450983,0,3,0.404537976017287,16.0,5,1.0,1994.0,10.0,9.0,1,
875,992,993,0.9019607843137255,0,4,0.7412486485475299,20.0,3,0.0,2014.0,6.0,7.0,0,"(60, 70]"
876,993,994,0.43137254901960786,1,1,0.7209835883250908,43.0,5,1.0,2007.0,6.0,9.0,1,"(30, 40]"
877,994,995,0.8823529411764707,0,2,0.571890779491561,18.0,4,0.0,1997.0,4.0,9.0,0,"(60, 70]"
878,995,996,0.823529411764706,2,1,0.6073250795325028,6.0,1,1.0,2016.0,10.0,5.0,1,"(50, 60]"
879,996,997,0.9019607843137255,2,2,0.84611247655112,37.0,2,1.0,2004.0,3.0,2.0,1,"(60, 70]"
880,997,998,0.8627450980392156,1,4,0.5916331542330477,7.0,2,0.0,2002.0,1.0,10.0,1,"(60, 70]"
881,998,999,0.33333333333333337,2,2,0.6040946628764069,12.0,3,1.0,2005.0,7.0,8.0,0,"(30, 40]"
